"","core ID","cell count 1","cell count 2","tumor percent","tumor_density","BAP1 percent","NF2 percent","MTAP percent","LAG3 percent","CD11c percent","CD56 percent","CK percent","CD8 percent","CD4 percent","CD20 percent","CD68 percent","FOXP3 percent","Unidentified percent","BAP1 density","NF2 density","MTAP density","LAG3 density","CD11c density","CD56 density","CK density","CD8 density","CD4 density","CD20 density","CD68 density","FOXP3 density","Unidentified density","FOXP3 intensity","CD4 intensity","CD8 intensity","CD68 intensity","CD20 intensity","CK intensity","CD11c intensity","CD56 intensity","BAP1 intensity","NF2 intensity","MTAP intensity","LAG3 intensity","casetype","subtype","MVB","pair_score"
"13","071922 Immunopheno Motif ck #01 Meso TMA 4_Scan1_Core[1,12,E]_[12093,54184]",3213,2980,0.145969498910675,1374.17373775257,0.218120805369128,0.811073825503356,0.28489932885906,0,0.912751677852349,0.517785234899329,0.37037037037037,0.542172424525366,0.000311235605353252,0,0.00435729847494553,0.000622471210706505,0.0821661998132586,1805.55555555556,6713.88888888889,2358.33333333333,0,7555.55555555556,4286.11111111111,3486.7094838498,5104.07388308096,2.93000796962168,0,41.0201115747035,5.86001593924335,773.522103980123,0.00301338313103019,0.0224715219421102,1.0346221599751,0.0217211328976035,0.03088546529723,1.75307251789605,1.22862013422819,0.440562751677852,2.34073825503356,3.45017818791946,5.15327751677852,0.222620469798658,"Pleural","epithelial or epithelioid","mvb1071",1.524738994413
"14","071922 Immunopheno Motif ck #01 Meso TMA 4_Scan1_Core[1,12,F]_[13404,53787]",2886,2650,0.135135135135135,1241.79697574675,0.209433962264151,0.684150943396226,0.373207547169811,0.0030188679245283,0.135471698113208,0.0411320754716981,0.483021483021483,0.228343728343728,0.000693000693000693,0,0.0145530145530146,0.000693000693000693,0.272695772695773,1541.66666666667,5036.11111111111,2747.22222222222,22.2222222222222,997.222222222222,302.777777777778,4438.62816459223,2098.31847953105,6.3681896192141,0,133.731982003496,6.3681896192141,2505.88261516075,0.00202945252945253,0.0281805266805267,1.56882813582814,0.0528115038115038,0.0172512127512128,1.24496638946639,1.55748943396226,0.498501132075472,2.28994867924528,2.93450528301887,5.18146528301887,0.287180754716981,"Pleural","epithelial or epithelioid","mvb1071",1.66148621592187
"15","071922 Immunopheno Motif ck #01 Meso TMA 4_Scan1_Core[1,12,G]_[14357,53747]",2997,3042,0.0660660660660661,652.89067345673,0.165023011176857,0.386916502301118,0.302432610124918,0.00230111768573307,0.494082840236686,0.0930309007232084,0.36302969636303,0.238571905238572,0.000333667000333667,0,0.0363697030363697,0.000333667000333667,0.361361361361361,1394.44444444444,3269.44444444444,2555.55555555556,19.4444444444444,4175,786.111111111111,3587.60127636829,2357.66076526041,3.29742764372086,0,359.419613165573,3.29742764372086,3571.11413814969,0.00137504170837504,0.0133633633633634,1.5264020687354,0.098310977644311,0.0126032699366033,0.909133133133133,1.50992439184747,0.454337606837607,1.54470742932281,1.89476101249178,4.1478543721236,0.347318869165023,"Pleural","epithelial or epithelioid","mvb1071",2.15494618051469
"16","071922 Immunopheno Motif ck #01 Meso TMA 4_Scan1_Core[1,12,H]_[16065,53946]",1855,1807,0.215633423180593,1216.63973837379,0.10016602102933,0.157719977863863,0.443829551743221,0.024349750968456,0.179856115107914,0.0597675705589375,0.22533692722372,0.118598382749326,0.0134770889487871,0,0.134231805929919,0,0.508355795148248,502.777777777778,791.666666666667,2227.77777777778,122.222222222222,902.777777777778,300,1271.38852660061,669.151856105585,76.0399836483619,0,757.358237137685,0,2868.22818321621,0.00195687331536388,0.364720215633423,1.12198436657682,0.620132075471698,0.0124803234501348,1.02826199460916,1.54830769230769,0.452436081903708,1.68639513004981,1.4502739346984,6.52777089097952,0.301363032650802,"Pleural","biphasic","mvb1070",2.04902852231551
"17","071922 Immunopheno Motif ck #01 Meso TMA 4_Scan1_Core[1,12,I]_[17098,54065]",1605,1616,0.336448598130841,1670.62822118004,0.0971534653465347,0.267326732673267,0.517945544554455,0.0148514851485149,0.152846534653465,0.0625,0.325233644859813,0.0847352024922118,0.0342679127725857,0,0.123364485981308,0.00124610591900312,0.431152647975078,436.111111111111,1200,2325,66.6666666666667,686.111111111111,280.555555555556,1614.94061380737,420.750811260158,170.156578083152,0,612.563681099348,6.18751193029644,2140.87912788257,0.00354828660436137,0.603338940809969,1.20617757009346,0.468267912772586,0.0247707165109034,1.69375700934579,1.60108601485149,0.598475247524752,1.89157920792079,1.89822957920792,7.37051794554455,0.266035891089109,"Pleural","biphasic","mvb1070",2.86520184334205
"25","071922 Immunopheno Motif ck #01 Meso TMA 4_Scan1_Core[1,2,B]_[8638,41077]",2296,2239,0.653310104529617,4107.7129979267,0.029477445288075,0.181777579276463,0.425189816882537,0.00982581509602501,0.190263510495757,0.0120589548905761,0.470383275261324,0.211672473867596,0.0039198606271777,0,0.185975609756098,0,0.128048780487805,183.333333333333,1130.55555555556,2644.44444444444,61.1111111111111,1183.33333333333,75,2957.55335850722,1330.89901132825,24.6462779875602,0,1169.32896674313,0,805.111747593633,0.000898954703832753,0.137278745644599,1.39602526132404,0.463067073170732,0.0165705574912892,1.60650566202091,3.64688521661456,0.266850826261724,1.62258597588209,1.98697811523001,6.71528405538187,0.230806163465833,"Pleural","epithelial or epithelioid","mvb1013",2.0484882121641
"27","071922 Immunopheno Motif ck #01 Meso TMA 4_Scan1_Core[1,2,D]_[11021,41156]",2578,2403,0.462373933281614,3234.4870122593,0.0378693300041615,0.0183104452767374,0.304203079483978,0.0145651269246775,0.0258010819808573,0.00624219725343321,0.267649340574088,0.507757951900698,0.00620636152055857,0,0.0597362296353763,0,0.158650116369279,252.777777777778,122.222222222222,2030.55555555556,97.2222222222222,172.222222222222,41.6666666666667,1872.31211280111,3551.96602269079,43.4159330504604,0,417.878355610682,0,1109.81978860239,0.000742435996896819,0.114568269976726,1.83710705973623,0.181729635376261,0.0133941039565555,1.55708456167572,1.82314315439035,0.269385351643779,1.53525634623387,0.865208489388265,5.91151102788181,0.157261756138161,"Pleural","epithelial or epithelioid","mvb1013",1.62010457763679
"31","071922 Immunopheno Motif ck #01 Meso TMA 4_Scan1_Core[1,4,B]_[8082,43659]",1502,1445,0.397470039946738,1722.20712526417,0.213840830449827,0.0823529411764706,0.509342560553633,0.00484429065743945,0.155017301038062,0.0885813148788927,0.424766977363515,0.274300932090546,0,0,0.00798934753661784,0.00399467376830892,0.288948069241012,858.333333333333,330.555555555556,2044.44444444444,19.4444444444444,622.222222222222,355.555555555556,1840.48265647997,1188.52485026606,0,0,34.6172286485261,17.308614324263,1251.98976945503,0.00277097203728362,0.0322330226364847,1.2788069241012,0.0387836218375499,0.0391724367509987,2.13468908122503,1.06002560553633,0.412613148788927,2.81930795847751,1.00384083044983,7.30738546712803,0.28542491349481,"Pleural","epithelial or epithelioid","mvb1033",1.61396307292631
"33","071922 Immunopheno Motif ck #01 Meso TMA 4_Scan1_Core[1,4,D]_[11021,43619]",708,906,0.241525423728814,884.225418533365,0.339955849889625,0.0452538631346578,0.471302428256071,0,0.306843267108168,0.103752759381898,0.206214689265537,0.319209039548023,0,0,0.0451977401129944,0.0282485875706215,0.401129943502825,855.555555555556,113.888888888889,1186.11111111111,0,772.222222222222,261.111111111111,754.952696525563,1168.62540695053,0,0,165.469084169986,103.418177606241,1468.53812200863,0.00457627118644068,0.104992937853107,2.55223163841808,0.174324858757062,0.0542627118644068,1.84978107344633,1.43754525386313,0.459939293598234,3.55409933774834,0.776336644591611,6.20127593818985,0.174807947019868,"Pleural","epithelial or epithelioid","mvb1033",1.67760671628676
"35","071922 Immunopheno Motif ck #01 Meso TMA 4_Scan1_Core[1,5,E]_[12318,45078]",1858,2078,0.347147470398278,2200.93251292579,0.145332050048123,0.205004812319538,0.262271414821944,0.0279114533205005,0.034167468719923,0.0332050048123195,0.361679224973089,0.117330462863294,0.0430570505920344,0.000538213132400431,0.129709364908504,0.00269106566200215,0.344994617868676,838.888888888889,1183.33333333333,1513.88888888889,161.111111111111,197.222222222222,191.666666666667,2293.0645716064,743.881066384219,272.983877572191,3.41229846965238,822.363931186224,17.0614923482619,2187.28331904718,0.00489666307857912,0.452254574811625,1.33093433799785,0.398722820236814,0.0389176533907427,1.70297900968784,0.886711260827719,0.546990856592878,2.30881857555342,1.47248941289702,5.79754860442733,0.301964388835419,"Peritoneal","epithelial or epithelioid","mvb1035",2.24690622945482
"37","071922 Immunopheno Motif ck #01 Meso TMA 4_Scan1_Core[1,5,J]_[18805,45525]",2052,2007,0.158869395711501,868.885915012829,0.145490782262083,0.117090184354758,0.385650224215247,0.00298953662182362,0.120079720976582,0.0891878425510712,0.219785575048733,0.45906432748538,0.00146198830409357,0,0.0043859649122807,0.00194931773879142,0.313352826510721,811.111111111111,652.777777777778,2150,16.6666666666667,669.444444444444,497.222222222222,1202.04769224168,2510.70715319658,7.99588265349229,0,23.9876479604769,10.6611768713231,1713.78418206518,0.00101754385964912,0.0256944444444444,1.64243372319688,0.0201837231968811,0.0137777777777778,1.12640058479532,1.42925959143,0.558986547085202,1.7191096163428,1.58885550572995,7.5899312406577,0.304587942202292,"Pleural","epithelial or epithelioid","mvb1036",1.47047265553464
"38","071922 Immunopheno Motif ck #01 Meso TMA 4_Scan1_Core[1,6,C]_[9869,46240]",1961,1593,0.0836308006119327,472.326287607541,0.249215317011927,0.391713747645951,0.515379786566227,0,0.182674199623352,0.00502197112366604,0.202957674655788,0.247322794492606,0.00254971953085161,0,0.00764915859255482,0.0112187659357471,0.528301886792453,1102.77777777778,1733.33333333333,2280.55555555556,0,808.333333333333,22.2222222222222,1146.25525895001,1396.81859444913,14.4001916953518,0,43.2005750860555,63.3608434595481,2983.7197192769,0.00633452320244773,0.0736613972463029,1.52739418663947,0.0369637939826619,0.0281397246302907,0.954878123406425,1.79258882611425,0.419488386691777,2.83011111111111,2.53572065285625,6.91690709353421,0.201428123038293,"Pleural","epithelial or epithelioid","mvb1043",1.43639859472641
"39","071922 Immunopheno Motif ck #01 Meso TMA 4_Scan1_Core[1,6,D]_[11219,46558]",1409,1417,0.202980837473385,904.682522862213,0.209597741707833,0.429781227946366,0.475652787579393,0.00423429781227946,0.0155257586450247,0.0712773465067043,0.299503193754436,0.192334989354152,0.0106458481192335,0,0.0099361249112846,0.0042583392476934,0.483321504613201,825,1691.66666666667,1872.22222222222,16.6666666666667,61.1111111111111,280.555555555556,1334.88120506243,857.234138796013,47.4483840662,0,44.2851584617867,18.97935362648,2154.15663660548,0.00413342796309439,0.124480482611781,1.36892051100071,0.0489063165365507,0.0358168914123492,1.37233215046132,1.25890331686662,0.553109386026817,2.05438179251941,2.31006139731828,6.76632392378264,0.194884968242766,"Pleural","epithelial or epithelioid","mvb1043",2.08667622944498
"40","071922 Immunopheno Motif ck #01 Meso TMA 4_Scan1_Core[1,7,B]_[8042,47352]",1004,836,0.289840637450199,1030.68209549358,0.287081339712919,0.552631578947368,0.723684210526316,0.0119617224880383,0.00239234449760766,0.132775119617225,0.220119521912351,0.201195219123506,0.0308764940239044,0,0.0438247011952191,0.0149402390438247,0.489043824701195,666.666666666667,1283.33333333333,1680.55555555556,27.7777777777778,5.55555555555556,308.333333333333,782.751694515744,715.456299964617,109.797749004471,0,155.841966328926,53.1279430666795,1739.05466971597,0.0169910358565737,0.448427290836653,1.3899890438247,0.153083665338645,0.0712908366533865,2.31955876494024,2.29441866028708,0.672714114832536,2.77381100478469,2.93283612440191,9.86631818181818,0.505471291866029,"Pleural","epithelial or epithelioid","mvb1044",1.80789186148811
"41","071922 Immunopheno Motif ck #01 Meso TMA 4_Scan1_Core[1,7,C]_[9591,47472]",1534,1467,0.724250325945241,3399.27394445813,0.216087252897069,0.747784594410361,0.67348329925017,0.0027266530334015,0.0606680299931834,0.197000681663258,0.604302477183833,0.090612777053455,0.0110821382007823,0,0.0514993481095176,0.0345501955671447,0.207953063885267,880.555555555556,3047.22222222222,2744.44444444444,11.1111111111111,247.222222222222,802.777777777778,2836.29788164958,425.291699621674,52.0140927594853,0,241.712548705843,162.161583308984,976.029152369166,0.0124335071707953,0.192431551499348,1.12828292046936,0.164295306388527,0.0856890482398957,4.50088983050847,1.51480981595092,0.752498977505113,2.62629447852761,3.58752351738241,7.97523040218132,0.326824130879346,"Pleural","epithelial or epithelioid","mvb1044",2.44193285776385
"42","071922 Immunopheno Motif ck #01 Meso TMA 4_Scan1_Core[1,7,G]_[14992,47829]",2798,2706,0.0232308791994282,165.023121008662,0.0776053215077605,0.155210643015521,0.306725794530673,0.0114560236511456,0.0254988913525499,0.0609756097560976,0.217298070050036,0.186919228020014,0.0421729807005004,0,0.00964974982130093,0.00285918513223731,0.541100786275911,583.333333333333,1166.66666666667,2305.55555555556,86.1111111111111,191.666666666667,458.333333333333,1543.60088574256,1327.80141980816,299.580435061879,0,68.5480656497519,20.3105379702969,3843.76931087868,0.0020939957112223,0.47332237312366,1.57298177269478,0.0370550393137956,0.00670872051465332,0.587590064331665,1.73085254988914,0.508055801921656,1.53860901699926,1.65159608277901,6.25591130820399,0.372575018477457,"Pleural","sarcomatoid","mvb1047",3.23482939632125
"43","071922 Immunopheno Motif ck #01 Meso TMA 4_Scan1_Core[1,9,B]_[8201,49974]",4173,3867,0.00958543014617781,97.4208321784906,0.427721748125162,0.741401603310059,0.338505301267132,0.0385311611068011,0.133436772692009,0.00853374709076804,0.210160555954948,0.19027078840163,0.0074287083632878,0,0.14450035945363,0.00599089384136113,0.441648693985143,4594.44444444444,7963.88888888889,3636.11111111111,413.888888888889,1433.33333333333,91.6666666666667,2135.95174551341,1933.80351874304,75.5011449383302,0,1468.61904509074,60.8880201115566,4488.66484262395,0.00558135633836568,0.180716271267673,1.24010615863887,0.422472322070453,0.0099947280134196,0.40051210160556,1.3760315490044,0.519613653995345,2.51386785621929,3.57937212309284,6.50227514869408,0.805647788983708,"Pleural","biphasic","mvb1063",3.86810139348824
"48","071922 Immunopheno Motif ck #03 NMVB2 mesothelioma_Scan2_Core[1,1,B]_[10771,43439]",3259,3377,0.420374347959497,3801.38775625724,0.502517026946994,0.00562629552857566,0.570328694107196,0.00325732899022801,0.00236896653834765,0.0121409535090317,0.276772015955815,0.0681190549248236,0.00613685179502915,0.000306842589751458,0.561521939245167,0.00276158330776312,0.0843817121816508,2651.5625,29.6875,3009.375,17.1875,12.5,64.0625,2502.81150083506,615.991300648983,55.4947117701786,2.77473558850893,5077.76612697135,24.9726202965804,763.052286839956,0.00398465787051243,0.591952132555999,0.849875115065971,2.41177017490028,0.0188490334458423,1.35207333537895,0.577790642582173,0.205604086467279,3.87513976902576,0.434018359490672,5.39871039384069,0.154968907314184,"Peritoneal","epithelial or epithelioid","4001",2.30055347072216
"52","071922 Immunopheno Motif ck #03 NMVB2 mesothelioma_Scan2_Core[10,1,B]_[9273,54389]",1258,1389,0.497615262321145,1859.31518392221,0.0280777537796976,0.280057595392369,0.381569474442045,0,0.0259179265658747,0.0208783297336213,0.242448330683625,0.555643879173291,0.00476947535771065,0,0.0158982511923688,0.00317965023847377,0.178060413354531,108.333333333333,1080.55555555556,1472.22222222222,0,100,80.5555555555556,905.896375553154,2076.13628364477,17.8209123059637,0,59.4030410198789,11.8806082039758,665.314059422644,0.00282034976152623,0.177060413354531,2.15120349761526,0.0556621621621622,0.0180556438791733,2.04764785373609,1.03447804175666,0.306341252699784,0.961431965442765,1.56002951763859,5.25711447084233,0.113825773938085,"Peritoneal","epithelial or epithelioid","4041",1.75169550170367
"53","071922 Immunopheno Motif ck #03 NMVB2 mesothelioma_Scan2_Core[10,1,C]_[10227,54508]",2306,2435,0.910234171725932,6074.27750390314,0.015605749486653,0.797946611909651,0.425462012320329,0.00082135523613963,0.02217659137577,0.00410677618069815,0.686036426712923,0.0771899392888118,0.0177797051170859,0.000867302688638335,0.00433651344319167,0.00216825672159584,0.211621856027754,105.555555555556,5397.22222222222,2877.77777777778,5.55555555555556,150,27.7777777777778,4578.1357842662,515.11262300846,118.649536760376,5.78778228099394,28.9389114049697,14.4694557024848,1412.21887656252,0.00133044232437121,0.279764960971379,1.40996010407632,0.0396821335646141,0.0270030355594102,2.70344189071986,1.24567802874743,0.353274743326489,0.981156468172485,2.63366036960986,4.35171416837782,0.113289117043121,"Peritoneal","epithelial or epithelioid","4041",3.12134535802668
"57","071922 Immunopheno Motif ck #03 NMVB2 mesothelioma_Scan2_Core[10,3,C]_[9965,56176]",1822,1926,0.261251372118551,1418.40209851994,0.33852544132918,0.781931464174455,0.158359293873313,0.0155763239875389,0.0332294911734164,0.0109034267912773,0.347969264544457,0.199231613611416,0.113611416026345,0.0208562019758507,0.103732162458836,0.00439077936333699,0.210208562019759,1811.11111111111,4183.33333333333,847.222222222222,83.3333333333333,177.777777777778,58.3333333333333,1889.21624046564,1081.68059193853,616.82612267569,113.233780974281,563.189068529978,23.8386907314276,1141.2773187671,0.0045351262349067,1.15191163556531,1.19210428100988,0.547515916575192,0.126521405049396,2.20321953896817,1.17534787123572,0.598817757009346,1.77176739356179,3.33622066458982,4.59431983385254,0.284070612668744,"Peritoneal","epithelial or epithelioid","4048",1.8664349679128
"64","071922 Immunopheno Motif ck #03 NMVB2 mesothelioma_Scan2_Core[11,3,A]_[11203,56366]",1411,1588,0.463501063075833,2600.23529346279,0.508186397984887,0.729848866498741,0.382871536523929,0.017632241813602,0.0163727959697733,0.0302267002518892,0.579730687455705,0.0758327427356485,0.0248051027639972,0.0496102055279943,0.0425230333097094,0.00850460666194188,0.218993621545004,2241.66666666667,3219.44444444444,1688.88888888889,77.7777777777778,72.2222222222222,133.333333333333,3252.28206430056,425.4207590222,139.156323044645,278.31264608929,238.553696647963,47.7107393295925,1228.55153773701,0.00651027639971651,0.421693125442948,0.939591070163005,0.167350815024805,0.195644223954642,2.7315421686747,1.06485327455919,0.696763853904282,2.8067701511335,3.49894143576826,6.26067569269521,0.353652392947103,"Peritoneal","epithelial or epithelioid","4048",3.02814770264001
"66","071922 Immunopheno Motif ck #03 NMVB2 mesothelioma_Scan2_Core[11,3,C]_[13014,56748]",1172,1200,0.33703071672355,1158.93791994996,0.274166666666667,0.578333333333333,0.28,0.0075,0.0125,0.005,0.425767918088737,0.0614334470989761,0.0750853242320819,0.000853242320819113,0.0366894197952218,0.00341296928327645,0.396757679180887,913.888888888889,1927.77777777778,933.333333333333,25,41.6666666666667,16.6666666666667,1464.0760052026,211.249443636448,258.193764444547,2.93402005050622,126.162862171768,11.7360802020249,1364.31932348539,0.00302474402730375,0.73182252559727,0.637972696245734,0.202577645051195,0.0597773037542662,1.41131058020478,0.819289166666667,0.57289,1.85211916666667,2.77769666666667,4.64656833333333,0.310265,"Peritoneal","epithelial or epithelioid","4049",-2.00972170005187
"67","071922 Immunopheno Motif ck #03 NMVB2 mesothelioma_Scan2_Core[11,3,D]_[13896,56867]",1333,1401,0.298574643660915,1219.49687480945,0.19129193433262,0.548893647394718,0.304782298358315,0.00356887937187723,0.000713775874375446,0.0149892933618844,0.375093773443361,0.0510127531882971,0.0562640660165041,0.000750187546886722,0.027006751687922,0.00375093773443361,0.486121530382596,744.444444444444,2136.11111111111,1186.11111111111,13.8888888888889,2.77777777777778,58.3333333333333,1532.03124976062,208.356249967444,229.804687464093,3.06406249952124,110.306249982765,15.3203124976062,1985.51249968976,0.0029377344336084,0.596646661665416,0.711811702925731,0.12550112528132,0.0365341335333833,0.9831807951988,0.587122769450393,0.4104289793005,1.4520806566738,2.66627623126338,4.31022626695218,0.260161313347609,"Peritoneal","epithelial or epithelioid","4049",2.58199165747293
"68","071922 Immunopheno Motif ck #03 NMVB2 mesothelioma_Scan2_Core[11,4,A]_[11084,57272]",1068,1140,0.143258426966292,475.838743536913,0.062280701754386,0.201754385964912,0.294736842105263,0.00789473684210526,0.00789473684210526,0.0131578947368421,0.235955056179775,0.0936329588014981,0.052434456928839,0.000936329588014981,0.0355805243445693,0.0224719101123595,0.558988764044944,197.222222222222,638.888888888889,933.333333333333,25,25,41.6666666666667,783.734401119621,311.005714730008,174.163200248805,3.11005714730008,118.182171597403,74.641371535202,1856.70411693815,0.0132228464419476,0.651766853932584,0.843558988764045,0.114192883895131,0.0343848314606742,1.0299765917603,0.738669298245614,0.354937719298246,1.46293596491228,1.31677105263158,4.43963947368421,0.146072807017544,"Pleural","biphasic","4051",4.31421622486292
"70","071922 Immunopheno Motif ck #03 NMVB2 mesothelioma_Scan2_Core[11,4,C]_[12848,57653]",971,992,0.359423274974253,1055.1173341871,0.0151209677419355,0.310483870967742,0.351814516129032,0.0030241935483871,0.0725806451612903,0.0806451612903226,0.475798146240989,0.125643666323378,0.00411946446961895,0,0.00720906282183316,0.0133882595262616,0.37384140061792,41.6666666666667,855.555555555556,969.444444444444,8.33333333333333,200,222.222222222222,1396.74558279209,368.837578139904,12.0930353488493,0,21.1628118604863,39.3023648837602,1097.44295790807,0.00594026776519053,0.0641555097837281,1.09260144181256,0.0262523171987642,0.0545736354273944,2.89894232749743,0.649305443548387,0.401702620967742,1.11849697580645,1.36796774193548,4.62354737903226,0.0925010080645161,"Pleural","Not specified","4052",2.53032915776751
"71","071922 Immunopheno Motif ck #03 NMVB2 mesothelioma_Scan2_Core[11,4,D]_[13753,57772]",704,833,0.0582386363636364,121.642012896427,0.00840336134453781,0.0324129651860744,0.354141656662665,0.00120048019207683,0.0120048019207683,0.00360144057623049,0.298295454545455,0.134943181818182,0.00710227272727273,0,0.00568181818181818,0.00284090909090909,0.551136363636364,19.4444444444444,75,819.444444444444,2.77777777777778,27.7777777777778,8.33333333333333,623.044456298772,281.853444516111,14.8343918166374,0,11.8675134533099,5.93375672665497,1151.14880497106,0.00201988636363636,0.0484048295454545,1.16074431818182,0.0157769886363636,0.0249247159090909,0.986376420454545,0.992998799519808,0.242654261704682,0.778284513805522,0.723270108043217,4.27167587034814,0.0705534213685474,"Pleural","Not specified","4052",NA
"72","071922 Immunopheno Motif ck #03 NMVB2 mesothelioma_Scan2_Core[12,1,B]_[16298,55552]",1189,1273,0.186711522287637,662.187060685865,0.0895522388059701,0.260801256873527,0.271798900235664,0.00942655145326002,0.00392772977219167,0.0298507462686567,0.324642556770395,0.107653490328007,0.0151387720773759,0,0.0151387720773759,0.00168208578637511,0.535744322960471,316.666666666667,922.222222222222,961.111111111111,33.3333333333333,13.8888888888889,105.555555555556,1151.37029470605,381.801548503562,53.6908427583134,0,53.6908427583134,5.96564919536815,1900.05926872476,0.00514550042052145,0.265141295206056,1.05602943650126,0.0701783010933558,0.0458671152228764,1.49142977291842,0.762599371563236,0.380952867242734,1.24191123330715,1.18033228593873,4.56214689709348,0.188984289080911,"Pleural","epithelial or epithelioid","4043",3.31925629273422
"73","071922 Immunopheno Motif ck #03 NMVB2 mesothelioma_Scan2_Core[12,1,C]_[17180,55718]",1621,1791,0.101789019123998,491.156503894425,0.0485762144053601,0.198771635957566,0.328866554997208,0.00893355667225014,0.0033500837520938,0.0217755443886097,0.408389882788402,0.0826650215916101,0.00246761258482418,0,0.012954966070327,0.00185070943861814,0.491671807526218,241.666666666667,988.888888888889,1636.11111111111,44.4444444444444,16.6666666666667,108.333333333333,1970.57942774612,398.878615283957,11.9068243368345,0,62.5108277683813,8.9301182526259,2372.43474911428,0.0023164713140037,0.113075879086983,1.29763972856262,0.0467384330660086,0.0297587908698334,1.23746082665022,0.929756002233389,0.314829704075935,0.961901730876605,0.989664433277499,4.26261027359017,0.162496929089894,"Pleural","epithelial or epithelioid","4043",5.10722357306919
"74","071922 Immunopheno Motif ck #03 NMVB2 mesothelioma_Scan2_Core[12,1,D]_[18038,55861]",1186,1368,0.104553119730185,397.21182922454,0.0526315789473684,0.18640350877193,0.220760233918129,0.00584795321637427,0.00511695906432749,0.00950292397660819,0.25716694772344,0.190556492411467,0.0075885328836425,0,0.0261382799325464,0.00421585160202361,0.51433389544688,200,708.333333333333,838.888888888889,22.2222222222222,19.4444444444444,36.1111111111111,977.012967044231,723.950591973758,28.8298908308134,0,99.302957306135,16.0166060171185,1954.02593408846,0.00388701517706577,0.21335328836425,1.16576897133221,0.0972057335581788,0.0353128161888702,1.14181281618887,0.966948099415205,0.344853070175439,1.32453143274854,1.02991739766082,4.14448684210526,0.152573099415205,"Pleural","epithelial or epithelioid","4043",3.84990832140637
"75","071922 Immunopheno Motif ck #03 NMVB2 mesothelioma_Scan2_Core[12,1,E]_[18920,56004]",2805,2862,0.0285204991087344,230.749506123948,0.00524109014675052,0.0317959468902865,0.0380852550663871,0.000698812019566737,0,0.0010482180293501,0.354367201426025,0.110873440285205,0.00106951871657754,0,0.0017825311942959,0,0.531907308377897,41.6666666666667,252.777777777778,302.777777777778,5.55555555555556,0,8.33333333333333,2867.06261359005,897.038705056847,8.65310647964804,0,14.4218441327467,0,4303.47828921162,0.000503743315508021,0.100745811051693,1.16750445632799,0.0280591800356506,0.00664884135472371,0.751767914438503,0.872744933612858,0.184761705101328,0.849759958071279,0.816464709993012,2.97577533193571,0.0671044723969252,"Pleural","biphasic","4044",2.44974464300317
"76","071922 Immunopheno Motif ck #03 NMVB2 mesothelioma_Scan2_Core[12,2,B]_[16179,56433]",1233,1340,0.0932684509326845,336.339821377233,0.250746268656716,0.337313432835821,0.244776119402985,0.0111940298507463,0.232835820895522,0.0977611940298507,0.306569343065693,0.247364152473642,0.0251419302514193,0,0.0494728304947283,0.0040551500405515,0.367396593673966,933.333333333333,1255.55555555556,911.111111111111,41.6666666666667,866.666666666667,363.888888888889,1105.53436939647,892.031700174399,90.6655170669062,0,178.40634003488,14.6234704946623,1324.8864268164,0.00585969180859692,0.329236820762368,1.63293187347932,0.179811841038118,0.0408369829683698,0.877873479318735,1.62110074626866,0.299810447761194,1.65850970149254,1.65429104477612,3.57734776119403,0.154708955223881,"Pleural","epithelial or epithelioid","4046",3.33762018464265
"80","071922 Immunopheno Motif ck #03 NMVB2 mesothelioma_Scan2_Core[12,3,B]_[15989,57291]",1604,1836,0.193890274314214,1080.38179511515,0.0740740740740741,0.104030501089325,0.221132897603486,0.00272331154684096,0.0065359477124183,0.0185185185185185,0.339775561097257,0.0554862842892768,0.0492518703241895,0.00685785536159601,0.00311720698254364,0.000623441396508728,0.544887780548628,377.777777777778,530.555555555556,1127.77777777778,13.8888888888889,33.3333333333333,94.4444444444444,1893.27356378699,309.176783811087,274.437819337931,38.2128609204714,17.3694822365779,3.47389644731558,3036.18549495382,0.00252680798004988,0.45911783042394,0.935730673316708,0.0231496259351621,0.060247506234414,1.04245012468828,0.751377450980392,0.275673202614379,1.19417102396514,1.37969989106754,3.46387145969499,0.175309368191721,"Peritoneal","epithelial or epithelioid","4049",4.31654496420417
"84","071922 Immunopheno Motif ck #03 NMVB2 mesothelioma_Scan2_Core[14,1,A]_[10879,58418]",1917,2274,0.165362545644236,954.143329785646,0.169305189094107,0.572999120492524,0.328056288478452,0.00659630606860158,0.00395778364116095,0.00175901495162709,0.418883672404799,0.0552947313510694,0.00104329681794471,0,0.0401669274908712,0,0.484611371935316,601.5625,2035.9375,1165.625,23.4375,14.0625,6.25,2416.96244106585,319.051081884159,6.01983173366338,0,231.76352174604,0,2796.21184028664,0.0028320292123109,0.044151278038602,0.871344287949922,0.129160667709963,0.0533865414710485,1.90753834115806,0.750897977132806,0.431648197009675,2.06835312225154,2.04500263852243,4.84384036939314,0.173733509234828,"Pleural","epithelial or epithelioid","4055",3.54029430238784
"85","071922 Immunopheno Motif ck #03 NMVB2 mesothelioma_Scan2_Core[14,1,B]_[11785,58608]",3312,4459,0.364432367149758,3518.29806484862,0.102489347387307,0.635568513119534,0.28078044404575,0.00627943485086342,0.0148015250056066,0.000672796591163938,0.669384057971015,0.109903381642512,0.00452898550724638,0,0.0169082125603865,0.000301932367149758,0.198973429951691,714.0625,4428.125,1956.25,43.75,103.125,4.6875,6462.35858307323,1061.02775112253,43.7236710627417,0,163.235038634236,2.91491140418278,1920.92661535645,0.000992753623188406,0.0606615338164251,0.943932669082126,0.0778834541062802,0.0375893719806763,1.98980585748792,1.00519511101144,0.389430589818345,1.24502556627046,2.35048665620094,3.71050325185019,0.121085445167078,"Pleural","epithelial or epithelioid","4055",2.88251011021234
"86","071922 Immunopheno Motif ck #03 NMVB2 mesothelioma_Scan2_Core[14,1,C]_[12643,58847]",3602,4463,0.248195446973903,2635.41042390311,0.0838001344387184,0.551422809769214,0.113152587945328,0.0080663231010531,0.031593098812458,0.00492941967286579,0.625208217656857,0.191837867851194,0.00416435313714603,0.000277623542476402,0.0305385896724042,0.00138811771238201,0.14658523042754,584.375,3845.3125,789.0625,56.25,220.3125,34.375,6638.64012822127,2036.98948872153,44.2182957030724,2.94788638020482,324.267501822531,14.7394319010241,1556.48400874815,0.00105857856746252,0.127865352581899,0.989808162132149,0.103654636313159,0.0385985563575791,1.75860855080511,1.13658279184405,0.47177795205019,1.28246269325566,2.48089827470311,3.80176585256554,0.148704458884159,"Pleural","epithelial or epithelioid","4055",2.37477802604842
"89","071922 Immunopheno Motif ck #03 NMVB2 mesothelioma_Scan2_Core[15,1,C]_[16336,59619]",2228,2762,0.116247755834829,800.889574953369,0.239681390296886,0.36314265025344,0.154960173787111,0.00724112961622013,0.0734974656046343,0.0706010137581463,0.428635547576302,0.101885098743268,0.0475763016157989,0,0.149461400359066,0.000897666068222621,0.271543985637343,1034.375,1567.1875,668.75,31.25,317.1875,304.6875,2953.08704278173,701.937967237123,327.777200560066,0,1029.71516779719,6.1844754822654,1870.80383338528,0.000581238779174147,0.50767908438061,0.748852333931777,0.35364407540395,0.0180893177737882,0.825896768402154,1.36641636495293,0.511224475018103,1.6639717595945,2.34651846488052,4.01536748732802,0.204396813902969,"Pleural","biphasic","4056",1.77953849347278
"91","071922 Immunopheno Motif ck #03 NMVB2 mesothelioma_Scan2_Core[2,1,B]_[13952,43506]",1684,2112,0.716152019002375,3572.40186262545,0.371685606060606,0.156723484848485,0.267992424242424,0.0293560606060606,0.000473484848484848,0.0331439393939394,0.537410926365796,0.0528503562945368,0.00356294536817102,0,0.274346793349169,0.000593824228028504,0.131235154394299,1226.5625,517.1875,884.375,96.875,1.5625,109.375,2680.78249226868,263.63496332808,17.7731435951515,0,1368.53205682666,2.96219059919191,654.644122421413,0.00472862232779097,0.229311163895487,0.820469121140142,0.815856294536817,0.0410659144893112,2.82319239904988,0.514762784090909,0.287433238636364,3.26213494318182,1.08606534090909,4.09289535984848,0.320711647727273,"Pleural","epithelial or epithelioid","4002",4.7808795797774
"92","071922 Immunopheno Motif ck #03 NMVB2 mesothelioma_Scan2_Core[2,1,C]_[14937,43697]",2385,2759,0.79916142557652,5492.04359633768,0.255889815150417,0.342877854295034,0.375135918811163,0.0202972091337441,0.00326205146792316,0.0163102573396158,0.567295597484277,0.0825995807127883,0.00838574423480084,0,0.220545073375262,0.00545073375262055,0.115723270440252,1103.125,1478.125,1617.1875,87.5,14.0625,70.3125,3898.60177641389,567.645639285689,57.6289989122526,0,1515.64267139224,37.4588492929642,795.280184989086,0.00629433962264151,0.233263312368973,0.96202893081761,0.66558784067086,0.0425249475890985,3.17246457023061,0.725187749184487,0.320299383834723,2.6200471185212,1.55618521203335,4.22520587169264,0.217305907937659,"Pleural","epithelial or epithelioid","4002",2.55060077825988
"93","071922 Immunopheno Motif ck #03 NMVB2 mesothelioma_Scan2_Core[2,1,D]_[15731,43729]",2618,1027,0.681436210847976,4696.731717103,0.265822784810127,0.120740019474197,0.254138266796495,0.127555988315482,0.0165530671859786,0.0165530671859786,0.596638655462185,0.0630252100840336,0.0370511841100076,0,0.130252100840336,0.00152788388082506,0.171504965622613,426.5625,193.75,407.8125,204.6875,26.5625,26.5625,4112.27294961597,434.395029889011,255.371623631721,0,897.749728437289,10.53078860337,1182.08102072828,0.00491100076394194,0.536404507257448,0.87944461420932,0.508263177998472,0.0365679908326967,2.43065087853323,1.09669717624148,0.37144888023369,2.95234371957157,1.30021032132425,4.89813534566699,0.685188899707887,"Pleural","epithelial or epithelioid","4002",2.81978446681371
"100","071922 Immunopheno Motif ck #03 NMVB2 mesothelioma_Scan2_Core[3,1,B]_[17807,44120]",2439,3353,0.438294382943829,3089.49626182513,0.116611989263346,0.602743811512079,0.252609603340292,0.143453623620638,0.00507008648971071,0.000596480763495377,0.310783107831078,0.149241492414924,0.113571135711357,0,0.252562525625256,0.00984009840098401,0.1640016400164,610.9375,3157.8125,1323.4375,751.5625,26.5625,3.125,2190.68116600884,1051.98937259527,800.552352222226,0,1780.28970746892,69.3619366546333,1156.03227757722,0.00594628946289463,1.17579540795408,0.975471094710947,0.902833538335383,0.0399245592455925,1.38823903239032,1.10971577691619,0.447732478377572,1.81574172382941,2.415480465255,4.64798956158664,0.948771547867581,"Pleural","epithelial or epithelioid","4003",2.66374953602483
"101","071922 Immunopheno Motif ck #03 NMVB2 mesothelioma_Scan2_Core[3,1,C]_[18689,44240]",1427,1917,0.8843728100911,3822.03838210874,0.0735524256651017,0.522170057381325,0.548252477829943,0.0782472613458529,0.00625978090766823,0.00678142931664058,0.522775052557814,0.0770847932725999,0.0210231254379818,0,0.309039943938332,0.00770847932725999,0.0623686054660126,220.3125,1564.0625,1642.1875,234.375,18.75,20.3125,2259.30319576317,333.141221895374,90.8566968805565,0,1335.59344414418,33.3141221895374,269.541534078984,0.00749334267694464,0.535342676944639,0.759851436580238,1.08990679747722,0.0558724597056762,3.00408058864751,0.80851278038602,0.489862284820031,1.87619300991132,2.27712363067293,4.89352425665102,0.794340636411059,"Pleural","epithelial or epithelioid","4003",3.25456503646986
"102","071922 Immunopheno Motif ck #03 NMVB2 mesothelioma_Scan2_Core[3,1,D]_[19547,44335]",1462,1906,0.831737346101231,3715.04277645677,0.0912906610703043,0.568205666316894,0.498950682056663,0.0975865687303253,0.00262329485834208,0.00891920251836306,0.642270861833105,0.10328317373461,0.0259917920656635,0,0.149794801641587,0.00205198358413133,0.0766073871409029,271.875,1692.1875,1485.9375,290.625,7.8125,26.5625,2868.77069662246,461.325213194879,116.095086764274,0,669.074315825685,9.16540158665322,342.174992568387,0.00765663474692202,0.255177154582763,0.992985636114911,0.532647742818057,0.0564404924760602,3.44443775649795,0.754529380902413,0.517060335781742,1.93589506820567,2.28995173137461,4.95270619097587,0.689664742917104,"Pleural","epithelial or epithelioid","4003",2.65958152859056
"105","071922 Immunopheno Motif ck #03 NMVB2 mesothelioma_Scan2_Core[3,2,D]_[19451,45193]",1864,2114,0.50912017167382,2992.18720687049,0.111636707663198,0.538315988647114,0.246452223273415,0.0141911069063387,0.00141911069063387,0.00520340586565752,0.465128755364807,0.0745708154506438,0.0520386266094421,0.00751072961373391,0.155579399141631,0.0493562231759657,0.195815450643777,368.75,1778.125,814.0625,46.875,4.6875,17.1875,2733.64205306292,438.26556560063,305.839999016267,44.141855528121,914.367007368221,290.075050613367,1150.84123341173,0.023050965665236,0.845945278969957,1.03507778969957,0.717668991416309,0.128351394849785,3.87139055793991,0.67530605487228,0.592427152317881,2.06231031220435,2.3812734153264,4.94212630085147,0.21708183538316,"Pleural","epithelial or epithelioid","4007",4.53016067934689
"106","071922 Immunopheno Motif ck #03 NMVB2 mesothelioma_Scan2_Core[3,2,E]_[20309,45407]",2199,3110,0.408367439745339,2687.3748148689,0.115755627009646,0.371704180064309,0.389389067524116,0.0257234726688103,0.0154340836012862,0.00160771704180064,0.236925875397908,0.0527512505684402,0.0527512505684402,0.00181900864029104,0.542519326966803,0.0177353342428377,0.0954979536152797,562.5,1806.25,1892.1875,125,75,7.8125,1559.15621219009,347.144185439636,347.144185439636,11.9704891530909,3570.19838990936,116.712269242636,628.450680537271,0.0100463847203274,0.993304683947249,1.02376125511596,2.60345247839927,0.0444838562983174,1.55731832651205,1.16682893890675,0.352125723472669,1.74939485530547,2.22304276527331,4.16313987138264,0.190268810289389,"Pleural","epithelial or epithelioid","4007",3.89643476303133
"107","071922 Immunopheno Motif ck #03 NMVB2 mesothelioma_Scan2_Core[3,3,B]_[17688,45860]",523,869,0.288718929254302,495.053724803896,0.399309551208285,0.627157652474108,0.421173762945915,0.0345224395857307,0.0126582278481013,0,0.261950286806883,0.0764818355640535,0.307839388145315,0.0229445506692161,0.0726577437858509,0.0401529636711281,0.217973231357553,542.1875,851.5625,571.875,46.875,17.1875,0,449.154703961151,131.140059550701,527.838739691572,39.3420178652103,124.583056573166,68.8485312641181,373.749169719498,0.023434034416826,2.7287189292543,0.647544933078394,0.494302103250478,0.187866156787763,1.9575086042065,0.741146144994246,0.477311852704258,2.02847180667434,2.54508630609896,5.58244533947066,0.315043728423475,"Pleural","epithelial or epithelioid","4009",3.70003592821804
"110","071922 Immunopheno Motif ck #03 NMVB2 mesothelioma_Scan2_Core[4,4,C]_[11119,49054]",2449,2800,0.210698244181298,1260.45739947119,0.155714285714286,0.493214285714286,0.3625,0.0503571428571429,0.00714285714285714,0.00321428571428571,0.202123315639036,0.0547162106982442,0.306247447937934,0.00244997958350347,0.301755818701511,0.00244997958350347,0.130257247856268,681.25,2157.8125,1585.9375,220.3125,31.25,14.0625,1209.15971460899,327.328084358798,1832.06017364999,14.6564813891999,1805.18995776979,14.6564813891999,779.236260525796,0.00576235198040016,2.50866721110657,0.501782360146999,1.39210657411188,0.0481637403021642,1.20717272356064,1.35766321428571,0.269973214285714,1.77878142857143,2.34763785714286,4.70822678571429,0.313797142857143,"Pleural","epithelial or epithelioid","4021",3.7186714856839
"118","071922 Immunopheno Motif ck #03 NMVB2 mesothelioma_Scan2_Core[5,3,D]_[15236,48460]",1467,1932,0.507157464212679,2117.14468891205,0.0636645962732919,0.0263975155279503,0.239648033126294,0.0129399585921325,0.0082815734989648,0.0181159420289855,0.718473074301295,0.0518064076346285,0.00408997955010225,0,0.0538513974096796,0.00477164280845262,0.167007498295842,192.1875,79.6875,723.4375,39.0625,25,54.6875,2999.28830929207,216.267468222199,17.0737474912262,0,224.804341967812,19.9193720730973,697.178022558404,0.00471574642126789,0.273644171779141,0.801476482617587,0.177864349011588,0.0706591683708248,2.91530811179277,0.648991200828157,0.224064182194617,1.46612060041408,0.918885093167702,4.34598498964803,0.145675465838509,"Pleural","epithelial or epithelioid","4019",2.34666846318897
"121","071922 Immunopheno Motif ck #03 NMVB2 mesothelioma_Scan2_Core[5,4,C]_[14188,49270]",1825,2487,0.242739726027397,1283.73089870726,0.0241254523522316,0.44551668677121,0.24205870526739,0.0848411741053478,0.0116606353035786,0.000804181745074387,0.379178082191781,0.126575342465753,0.0558904109589041,0,0.272328767123288,0.0131506849315069,0.152876712328767,93.75,1731.25,940.625,329.6875,45.3125,3.125,2005.28618940276,669.39466727173,295.576866068037,0,1440.21276897857,69.5474978983615,808.489663068453,0.00346739726027397,1.06611068493151,0.714650410958904,1.00531397260274,0.0266043835616438,0.637081095890411,1.253182951347,0.268570969039003,1.23673180538802,2.11684800965018,3.82439887414556,0.51070526739043,"Peritoneal","biphasic","4020",2.69265755927826
"122","071922 Immunopheno Motif ck #03 NMVB2 mesothelioma_Scan2_Core[5,4,D]_[15117,49414]",1578,2080,0.156527249683143,693.040943007063,0.111538461538462,0.493269230769231,0.271634615384615,0.124038461538462,0.01875,0.0115384615384615,0.450570342205323,0.194550063371356,0.0164765525982256,0,0.14765525982256,0.0158428390367554,0.174904942965779,362.5,1603.125,882.8125,403.125,60.9375,37.5,1994.94781570049,861.390969648454,72.9516782112697,0,653.759270124071,70.1458444339132,774.410122550402,0.00511470215462611,0.506220532319392,0.90439226869455,0.430986058301648,0.0321882129277567,0.692363117870722,0.718223076923077,0.391646153846154,1.56417788461538,2.26406153846154,3.68860673076923,0.996347596153846,"Peritoneal","biphasic","4020",2.20621046176135
"123","071922 Immunopheno Motif ck #03 NMVB2 mesothelioma_Scan2_Core[6,1,B]_[17483,47029]",1284,1916,0.700934579439252,3107.30562077061,0.406576200417537,0.718684759916493,0.494780793319415,0.00678496868475992,0.0125260960334029,0.00417536534446764,0.63006230529595,0.0514018691588785,0.175233644859813,0,0.014797507788162,0.0521806853582555,0.0763239875389408,1217.1875,2151.5625,1481.25,20.3125,37.5,12.5,2793.12249689269,227.869078856512,776.826405192653,0,65.5986742162685,231.321640657368,338.351056483911,0.0163785046728972,1.72967912772586,0.668345794392523,0.110233644859813,0.11071261682243,3.44727570093458,0.873748956158664,0.543118475991649,2.34805480167015,3.06420354906054,7.29676774530271,0.232915448851775,"Peritoneal","Papillary","4013",2.26455706166701
"129","071922 Immunopheno Motif ck #03 NMVB2 mesothelioma_Scan2_Core[6,2,E]_[19961,48427]",1294,1476,0.34080370942813,1333.36437462036,0.0304878048780488,0.0250677506775068,0.281842818428184,0.002710027100271,0.0345528455284553,0.102981029810298,0.482225656877898,0.15919629057187,0.0193199381761978,0,0.0316846986089645,0,0.30757341576507,70.3125,57.8125,650,6.25,79.6875,237.5,1886.66523755806,622.841408552822,75.5875495816531,0,123.963581313911,0,1203.35378933992,0.00199304482225657,0.185170015455951,0.754853168469861,0.105061051004637,0.0346066460587326,1.51374188562597,0.491665311653117,0.245068428184282,1.22570799457995,0.771443089430894,3.46080623306233,0.0820582655826558,"Pleural","epithelial or epithelioid","4017",2.43668430989311
"130","071922 Immunopheno Motif ck #03 NMVB2 mesothelioma_Scan2_Core[6,3,B]_[17388,48745]",2265,2238,0.347902869757174,1683.14065502366,0.0697050938337802,0.00893655049151028,0.10455764075067,0.00625558534405719,0.00893655049151028,0.0187667560321716,0.690066225165563,0.0812362030905077,0.00309050772626932,0,0.0591611479028698,0,0.16644591611479,243.75,31.25,365.625,21.875,31.25,65.625,3338.51376117003,393.017614878622,14.9517570877737,0,286.219349965953,0,805.258917441524,0.00192141280353201,0.16746710816777,0.89599293598234,0.146556732891832,0.0509726269315673,1.68289845474614,0.594645665773012,0.183512511170688,1.57377479892761,0.59395218945487,3.78490661304736,0.102999553172475,"Pleural","epithelial or epithelioid","4019",4.51477809305203
"131","071922 Immunopheno Motif ck #03 NMVB2 mesothelioma_Scan2_Core[6,3,C]_[18087,48904]",941,1171,0.75557917109458,2356.82456507305,0.184457728437233,0.308283518360376,0.347566182749787,0.0956447480785653,0.13663535439795,0.0802732707087959,0.568544102019129,0.0701381509032944,0.112646121147715,0.00212539851222104,0.180658873538789,0.00850159404888417,0.0573857598299681,337.5,564.0625,635.9375,175,250,146.875,1773.4193281492,218.776963846444,351.369063147319,6.62960496504375,563.516422028719,26.518419860175,178.999334056181,0.00651115834218916,1.59778958554729,0.97001912858661,1.38966206163656,0.0728799149840595,2.13949734325186,2.45826302305722,0.545425277540564,1.82995559350982,1.84611272416738,4.28541332194705,0.644377455166524,"Peritoneal","biphasic","4020",3.07813434452692
"133","071922 Immunopheno Motif ck #03 NMVB2 mesothelioma_Scan2_Core[6,3,E]_[19993,49444]",1390,899,0.958273381294964,4589.40660213015,0.123470522803115,0.166852057842047,0.360400444938821,0.0667408231368187,0.0333704115684093,0.00333704115684093,0.499280575539568,0.0654676258992806,0.0251798561151079,0,0.37841726618705,0.00287769784172662,0.0287769784172662,173.4375,234.375,506.25,93.75,46.875,4.6875,2391.17731372246,313.540541136519,120.592515821738,0,1812.33323777812,13.7820018081986,137.820018081986,0.00367553956834532,0.929432374100719,0.747187050359712,2.1294618705036,0.0337697841726619,2.14561223021583,1.5684616240267,0.473558398220245,1.69843492769744,1.59587430478309,4.13211568409344,0.494335928809789,"Peritoneal","biphasic","4020",3.09583904804639
"135","071922 Immunopheno Motif ck #03 NMVB2 mesothelioma_Scan2_Core[6,4,C]_[18182,49825]",1903,2069,0.648975302154493,2999.47151012097,0.155630739487675,0.681488641855969,0.41807636539391,0.136297728371194,0.0763653939101015,0.0169163847269212,0.475039411455596,0.130846032580137,0.0105097214923805,0,0.25275880189175,0.00735680504466632,0.12348922753547,503.125,2203.125,1351.5625,440.625,246.875,54.6875,2195.56457097114,604.751745765281,48.5744374108659,0,1168.21521973133,34.0021061876061,570.749639577674,0.00654335260115607,0.273522333158171,1.02913977929585,0.902602732527588,0.0544067262217551,2.41039674198634,1.27485403576607,0.438709521507975,1.577186080232,2.74474045432576,4.61385161913968,0.864255195746738,"Peritoneal","epithelial or epithelioid","4023",3.10345700769135
"140","071922 Immunopheno Motif ck #03 NMVB2 mesothelioma_Scan2_Core[7,2,B]_[9954,50883]",2068,2151,0.530947775628627,3466.60175470667,0.0288238028823803,0.0776383077638308,0.312412831241283,0.00464900046490005,0.0106927010692701,0.00929800092980009,0.504835589941973,0.113152804642166,0.0473887814313346,0.00241779497098646,0.0111218568665377,0.000483558994197292,0.320599613152805,172.222222222222,463.888888888889,1866.66666666667,27.7777777777778,63.8888888888889,55.5555555555556,3296.11314381946,738.783980511257,309.405256795313,15.7859824895568,72.6155194519612,3.15719649791136,2093.22127811523,0.00242504835589942,0.668519342359768,1.49631479690522,0.0402098646034816,0.0291528046421663,2.05409622823985,1.11031194793119,0.272497443049744,1.10538261273826,1.08262947466295,3.82664481636448,0.136028358902836,"Pleural","epithelial or epithelioid","4027",3.19257315735869
"144","071922 Immunopheno Motif ck #03 NMVB2 mesothelioma_Scan2_Core[7,4,B]_[9620,52480]",1544,1626,0.419041450777202,1986.32658217666,0.244157441574416,0.271832718327183,0.29520295202952,0.0990159901599016,0.00738007380073801,0.003690036900369,0.378238341968912,0.135362694300518,0.0259067357512953,0,0.264896373056995,0.00647668393782383,0.189119170984456,1102.77777777778,1227.77777777778,1333.33333333333,447.222222222222,33.3333333333333,16.6666666666667,1792.91302007909,641.641817117346,122.802261649253,0,1255.65312536361,30.7005654123132,896.456510039545,0.00260751295336788,0.568464378238342,1.0175725388601,0.863815414507772,0.02,1.43614637305699,0.598108856088561,0.352537515375154,2.00983210332103,1.31989667896679,3.84560639606396,0.757925584255843,"Pleural","biphasic","4034",2.98184400823552
"150","071922 Immunopheno Motif ck #03 NMVB2 mesothelioma_Scan2_Core[8,1,D]_[14865,50654]",1278,1434,0.409233176838811,1479.19956919373,0.130404463040446,0.451185495118549,0.347280334728033,0.161785216178522,0.0320781032078103,0.00209205020920502,0.522691705790297,0.0633802816901408,0.000782472613458529,0,0.234741784037559,0.00469483568075117,0.173708920187793,519.444444444444,1797.22222222222,1383.33333333333,644.444444444444,127.777777777778,8.33333333333333,1889.30270023215,229.092093890425,2.82829745543734,0,848.489236631204,16.9697847326241,627.882035107091,0.00446165884194053,0.207773082942097,0.544524256651017,1.19610015649452,0.0500039123630673,2.19515179968701,0.94073640167364,0.320519525801953,1.63616317991632,2.43177545327755,4.10745188284519,1.44735634588563,"Pleural","epithelial or epithelioid","4026",4.29294871174015
"151","071922 Immunopheno Motif ck #03 NMVB2 mesothelioma_Scan2_Core[8,2,A]_[12100,51084]",1039,1213,0.382098171318576,1201.78518074758,0.056883759274526,0.577906018136851,0.398186314921682,0.00164880461665293,0,0.00824402308326463,0.24735322425409,0.19730510105871,0.258902791145332,0,0.0202117420596728,0.000962463907603465,0.275264677574591,191.666666666667,1947.22222222222,1341.66666666667,5.55555555555556,0,27.7777777777778,777.981842448687,620.569173937669,814.307842874307,0,63.5705007448344,3.02716670213497,865.769676810601,0.00258902791145332,1.07394610202117,1.7579114533205,0.116730510105871,0.0151886429258903,1.38724927815207,1.05125886232481,0.451770816158285,1.40427782357791,2.38945671887881,5.71065622423743,0.178071723000824,"Peritoneal","Not specified","4028",2.43104275583986
"152","071922 Immunopheno Motif ck #03 NMVB2 mesothelioma_Scan2_Core[8,2,B]_[12982,51203]",1181,1306,0.384419983065199,1355.44156046553,0.0849923430321593,0.446401225114855,0.513782542113323,0.00382848392036753,0.000765696784073507,0.00995405819295559,0.348856900931414,0.0575783234546994,0.315834038950042,0.00169348010160881,0.0939881456392887,0,0.182049110922947,308.333333333333,1619.44444444444,1863.88888888889,13.8888888888889,2.77777777777778,36.1111111111111,1230.04828835198,203.017678660036,1113.61167853225,5.9711081958834,331.396504871529,0,641.894131057465,0.00354360711261643,1.52904233700254,1.16132514817951,0.446291278577477,0.030580016934801,1.39159610499577,1.12951378254211,0.576560490045942,1.58030704441041,2.5572067381317,5.89773353751914,0.20206202143951,"Peritoneal","Not specified","4028",2.91211265784428
"153","071922 Immunopheno Motif ck #03 NMVB2 mesothelioma_Scan2_Core[8,2,C]_[13840,51346]",2233,2525,0.54858934169279,3647.27378938051,0.0102970297029703,0.199207920792079,0.343762376237624,0.00475247524752475,0.00118811881188119,0.00356435643564356,0.528437080161218,0.0680698611733094,0.00895656068069861,0,0.121361397223466,0.00223914017017465,0.270935960591133,72.2222222222222,1397.22222222222,2411.11111111111,33.3333333333333,8.33333333333333,25,3513.29230324,452.559686519051,59.5473271735593,0,806.866283201729,14.8868317933898,1801.30664700017,0.00433542319749216,0.336933721450963,1.23054948499776,0.463115539632781,0.0336439767129422,2.24480161218092,1.06690257425743,0.241307326732673,0.735943366336634,1.48428514851485,3.45169306930693,0.0908281188118812,"Pleural","epithelial or epithelioid","4029",3.98221317537654
"154","071922 Immunopheno Motif ck #03 NMVB2 mesothelioma_Scan2_Core[8,2,D]_[14722,51441]",2035,2304,0.635872235872236,3780.3052523456,0.00520833333333333,0.262152777777778,0.268229166666667,0.00737847222222222,0.0112847222222222,0.00607638888888889,0.627027027027027,0.107616707616708,0.0103194103194103,0,0.0727272727272727,0.00442260442260442,0.177886977886978,33.3333333333333,1677.77777777778,1716.66666666667,47.2222222222222,72.2222222222222,38.8888888888889,3727.71986243662,639.788910559263,61.3496215604773,0,432.36876147384,26.2926949544903,1057.55061928061,0.00575577395577396,0.286676167076167,0.83264226044226,0.259859459459459,0.046222113022113,2.60735577395577,0.811942708333333,0.273754340277778,0.82683984375,1.62427777777778,3.66927604166667,0.115006944444444,"Pleural","epithelial or epithelioid","4029",2.12231648965985
"155","071922 Immunopheno Motif ck #03 NMVB2 mesothelioma_Scan2_Core[8,3,A]_[11981,51918]",2096,2314,0.68368320610687,4248.33772298585,0.157735522904062,0.57476231633535,0.243301642178047,0.0566119273984442,0.00129645635263613,0.0181503889369058,0.662213740458015,0.0648854961832061,0.0768129770992366,0.00143129770992366,0.0486641221374046,0.0271946564885496,0.118797709923664,1013.88888888889,3694.44444444444,1563.88888888889,363.888888888889,8.33333333333333,116.666666666667,4114.92865282928,403.191856473186,477.308006560169,8.89393801043792,302.393892354889,168.984822198321,738.196854866348,0.0148125,1.08225811068702,0.593674141221374,0.180751908396947,0.0492065839694657,1.93266078244275,0.573689714779602,0.452369057908384,1.81359248055315,2.22238115816767,2.88975496974935,0.410926966292135,"Pleural","biphasic","4031",2.00603597158371
"157","071922 Immunopheno Motif ck #03 NMVB2 mesothelioma_Scan2_Core[8,3,C]_[13745,52180]",1670,1916,0.361676646706587,1828.08274071976,0.0328810020876827,0.113778705636743,0.329853862212944,0.00887265135699374,0.00417536534446764,0.0125260960334029,0.417964071856287,0.102994011976048,0.0526946107784431,0.000598802395209581,0.0754491017964072,0.0425149700598802,0.307784431137725,175,605.555555555556,1755.55555555556,47.2222222222222,22.2222222222222,66.6666666666667,2112.5856838119,520.579853317547,266.343180767117,3.02662705417178,381.355008825645,214.890520846196,1555.6863058443,0.00771017964071856,0.80598502994012,1.04256706586826,0.246659281437126,0.0540574850299401,2.13004910179641,0.674245824634656,0.341560542797495,1.1123267223382,1.39993319415449,3.7527385177453,0.159472338204593,"Pleural","epithelial or epithelioid","4032",3.94538622803627
"158","071922 Immunopheno Motif ck #03 NMVB2 mesothelioma_Scan2_Core[8,3,D]_[14602,52275]",962,1118,0.271309771309771,796.433928939785,0.0447227191413238,0.242397137745975,0.262969588550984,0.00536672629695885,0.00715563506261181,0.0107334525939177,0.349272349272349,0.08004158004158,0.0228690228690229,0,0.0446985446985447,0.0769230769230769,0.426195426195426,138.888888888889,752.777777777778,816.666666666667,16.6666666666667,22.2222222222222,33.3333333333333,1025.29425334777,234.963266392197,67.132361826342,0,131.213252660578,225.808853415878,1251.10310676365,0.00933056133056133,0.504689189189189,1.10883056133056,0.127701663201663,0.0596756756756757,2.23949272349272,0.819194096601073,0.36246511627907,1.1189633273703,1.47465652951699,4.53070125223614,0.154711091234347,"Pleural","epithelial or epithelioid","4032",4.24040244497894
"159","071922 Immunopheno Motif ck #03 NMVB2 mesothelioma_Scan2_Core[8,4,A]_[11838,52704]",1243,1405,0.0265486725663717,110.716186102502,0.237010676156584,0.143772241992883,0.115302491103203,0,0,0.000711743772241993,0.230893000804505,0.0893000804505229,0.00482703137570394,0.00080450522928399,0.0080450522928399,0,0.666130329847144,925,561.111111111111,450,0,0,2.77777777777778,962.895315497515,372.408989617506,20.1302156550003,3.35503594250005,33.5503594250005,0,2777.96976039004,0.00213274336283186,0.250115044247788,0.67785358004827,0.0276395816572808,0.0423515687851971,0.499036202735318,0.711721708185053,0.242661921708185,1.72016441281139,1.28728683274021,3.82263629893238,0.0942092526690392,"Pleural","epithelial or epithelioid","4035",2.06142303618506
"163","071922 Immunopheno Motif ck #03 NMVB2 mesothelioma_Scan2_Core[8,5,A]_[11743,53538]",2030,2187,0.0970443349753695,560.687442650498,0.0553269318701417,0.625971650663009,0.304983996342021,0.198445358939186,0.0219478737997256,0.015546410608139,0.240886699507389,0.25320197044335,0.102463054187192,0.00295566502463054,0.0817733990147783,0.000985221674876847,0.317733990147783,336.111111111111,3802.77777777778,1852.77777777778,1205.55555555556,133.333333333333,94.4444444444444,1391.75715459946,1462.91038336221,591.994863306109,17.0767749030608,472.457438984683,5.69225830102028,1835.75330207904,0.00205221674876847,0.991253694581281,1.32740738916256,0.268812807881773,0.0249817733990148,0.698307389162562,0.762097393689986,0.373438957475995,1.28072245084591,2.54434750800183,3.94548376771834,1.05649336991312,"Pleural","epithelial or epithelioid","4038",2.31777622354295
"164","071922 Immunopheno Motif ck #03 NMVB2 mesothelioma_Scan2_Core[8,5,B]_[12624,53729]",2890,3082,0.663321799307958,5759.05346035897,0.0483452303698897,0.045425048669695,0.161583387410772,0.0175210902011681,0.0103828682673589,0.0217391304347826,0.677508650519031,0.108996539792388,0.00899653979238754,0.000346020761245675,0.0474048442906574,0.00346020761245675,0.153287197231834,413.888888888889,388.888888888889,1383.33333333333,150,88.8888888888889,186.111111111111,5882.22570442507,946.323338556638,78.1092279443574,3.00420107478298,411.575547245268,30.0420107478298,1330.86107612886,0.00216401384083045,0.299926989619377,1.12900934256055,0.132085121107266,0.0283159169550173,2.25183044982699,1.29397209604153,0.308424399740428,0.86305418559377,1.31523523685918,3.38804704737184,0.229222258273848,"Pleural","epithelial or epithelioid","4038",1.54499483209383
"168","071922 Immunopheno Motif ck #03 NMVB2 mesothelioma_Scan2_Core[9,1,D]_[18921,51168]",2434,2676,0.299506984387839,2142.47991020981,0.0336322869955157,0.114723467862481,0.134155455904335,0.0325112107623318,0.0100896860986547,0.0381165919282511,0.366885784716516,0.155299917830731,0.018898931799507,0.00862777321281841,0.0291700903861956,0.00205423171733772,0.419063270336894,250,852.777777777778,997.222222222222,241.666666666667,75,283.333333333333,2624.46441675907,1110.91550899768,135.190776227231,61.7175282776489,208.664024176813,14.6946495899164,2997.70851634295,0.00213968775677896,0.225318816762531,1.47981018898932,0.100511914543961,0.050715283483977,1.3937580115037,1.07766405082212,0.27277802690583,0.794895366218236,1.07603437967115,2.92747608370703,0.238176382660688,"Pleural","epithelial or epithelioid","4027",2.71249854934097
"169","071922 Immunopheno Motif ck #03 NMVB2 mesothelioma_Scan2_Core[9,1,E]_[19755,51382]",1831,1936,0.532495903877662,3038.13277294585,0.0485537190082645,0.177169421487603,0.283057851239669,0.0191115702479339,0.0831611570247934,0.050103305785124,0.572910977607865,0.0895685417804478,0.0169306389950847,0.00327689787001638,0.0393227744401966,0,0.27799016930639,261.111111111111,952.777777777778,1522.22222222222,102.777777777778,447.222222222222,269.444444444444,3268.7192603284,511.029512577558,96.5970420116116,18.6962016796668,224.354420156001,0,1586.0611091584,0.00255488803932277,0.208072637902785,1.38672037138176,0.129242490442381,0.0369229929000546,2.44189896231567,0.934245351239669,0.354503615702479,0.995723140495868,1.20535123966942,3.83367871900826,0.246435950413223,"Pleural","epithelial or epithelioid","4027",2.65593836664827
"172","071922 Immunopheno Motif ck #03 NMVB2 mesothelioma_Scan2_Core[9,3,B]_[16824,52622]",821,898,0.192448233861145,500.523331990157,0.120267260579065,0.234966592427617,0.250556792873051,0.0066815144766147,0.0779510022271715,0.010022271714922,0.276492082825822,0.0816077953714982,0.00609013398294762,0,0.0511571254567601,0.0048721071863581,0.579780755176614,300,586.111111111111,625,16.6666666666667,194.444444444444,25,719.106306087124,212.247235717345,15.8393459490556,0,133.050505972067,12.6714767592445,1507.90573435009,0.0103617539585871,0.259309378806334,0.731473812423873,0.129241169305725,0.0677941534713764,1.91429598051157,0.715616926503341,0.369144766146993,1.91029844097996,1.21326391982183,3.78801893095768,0.12797995545657,"Pleural","Not specified","4033",3.19083452226149
"175","071922 Immunopheno Motif ck #03 NMVB2 mesothelioma_Scan2_Core[9,3,E]_[19517,53074]",1901,1982,0.439242503945292,2545.51207929316,0.0443995963673058,0.256811301715439,0.320383451059536,0.260847628657921,0.00807265388496468,0.00605449041372351,0.260915307732772,0.197264597580221,0.0152551288795371,0,0.348763808521831,0.000526038926880589,0.177275118358759,244.444444444444,1413.88888888889,1763.88888888889,1436.11111111111,44.4444444444444,33.3333333333333,1512.06466027474,1143.19404758675,88.4070063467085,0,2021.16707613337,3.04851746023133,1027.35038409796,0.00205207785376118,0.384448711204629,1.34116149395055,1.41939715938979,0.0166417674907943,1.27057759074171,1.35906306760848,0.270260847628658,1.23491775983855,1.50079414732593,3.20417154389506,1.61651816347124,"Pleural","biphasic","4034",2.61897033408849
"177","071922 Immunopheno Motif ck #03 NMVB2 mesothelioma_Scan2_Core[9,4,C]_[17539,53551]",1602,1719,0.427590511860175,2107.13472742597,0.19022687609075,0.390343222803956,0.264107038976149,0.0349040139616056,0.00814426992437464,0.0616637579988365,0.52059925093633,0.050561797752809,0.099250936329588,0.00873907615480649,0.0493133583021223,0.000624219725343321,0.270911360799001,908.333333333333,1863.88888888889,1261.11111111111,166.666666666667,38.8888888888889,294.444444444444,2565.47498200476,249.164836381757,489.101345490117,43.0655272758593,243.012618199492,3.07610909113281,1335.03134555164,0.0049438202247191,0.933172284644195,0.986794007490637,0.183051810237203,0.0963701622971286,2.26157240948814,0.81407911576498,0.612646305991856,1.75284002326934,2.03811111111111,3.97506806282723,0.327075625363583,"Peritoneal","epithelial or epithelioid","4036",-17.5798014158256
"180","071922 Immunopheno Motif ck #03 NMVB2 mesothelioma_Scan2_Core[9,5,D]_[18254,54671]",1346,1413,0.0037147102526003,14.5105658685372,0.0226468506723284,0.0516631280962491,0.104033970276008,0,0.0481245576786978,0.149327671620665,0.228083209509658,0.0809806835066865,0.0274888558692422,0,0.0401188707280832,0.000742942050520059,0.62258543833581,88.8888888888889,202.777777777778,408.333333333333,0,188.888888888889,586.111111111111,890.948744328183,316.33033593411,107.378187427175,0,156.714111380202,2.90211317370744,2431.97083956683,0.00261812778603269,0.318462109955423,0.801219910846954,0.144777860326894,0.0265950965824666,0.618636701337296,0.417402689313517,0.299276008492569,1.07977353149328,0.78345152158528,3.43024133050248,0.0786510969568294,"Pleural","biphasic","4040",NA
"183","071922 Immunopheno Motif ck #04 NMVB TMA1_Scan1_Core[1,3,C]_[10398,51913]",2766,2620,0.976861894432393,8094.88572190383,0.402671755725191,0.675190839694657,0.500763358778626,0.0958015267175572,0.0114503816793893,0.00381679389312977,0.640997830802603,0.165220535068691,0.0206073752711497,0,0.144974692697035,0.00433839479392625,0.0238611713665944,2930.55555555556,4913.88888888889,3644.44444444444,697.222222222222,83.3333333333333,27.7777777777778,5311.70702625296,1369.12019796819,170.76553891507,0,1201.35054570075,35.9506397715936,197.728518743765,0.00166919739696312,0.313911785972524,0.975540491684743,0.549298987707881,0.0277744034707158,2.93301518438178,0.601496183206107,0.458267557251908,2.50870229007634,2.84816870229008,6.3695141221374,0.743908778625954,"Pleural","epithelial or epithelioid","MVB 0054",2.22735302922452
"188","071922 Immunopheno Motif ck #04 NMVB TMA1_Scan1_Core[1,3,I]_[16530,51786]",2484,2353,0.863123993558776,6585.788029163,0.373990650233744,0.531236719082023,0.531236719082023,0.0960475988100297,0.00169995750106247,0.00169995750106247,0.606280193236715,0.162238325281804,0.0410628019323672,0,0.123188405797101,0.00523349436392915,0.0619967793880837,2444.44444444444,3472.22222222222,3472.22222222222,627.777777777778,11.1111111111111,11.1111111111111,4626.02461376841,1237.90698495928,313.316408103837,0,939.94922431151,39.9324833857831,473.046341646969,0.0032451690821256,0.428634057971015,0.784194041867955,0.494573268921095,0.028768115942029,2.45237238325282,0.649220144496388,0.446140671483213,2.46109732256694,2.74169400764981,7.03786740331492,0.739795155121122,"Pleural","epithelial or epithelioid","MVB 0054",2.53043677391732
"191","071922 Immunopheno Motif ck #04 NMVB TMA1_Scan1_Core[1,4,C]_[10398,52961]",4858,4773,0.509674763277069,9066.87700649512,0.205950136182694,0.036036036036036,0.122145401215169,0.0029331657238634,0.00167609469935051,0.0136182694322229,0.41889666529436,0.0584602717167559,0.0284067517496912,0.00123507616303005,0.0349938246191848,0.000823384108686702,0.457184026348291,2730.55555555556,477.777777777778,1619.44444444444,38.8888888888889,22.2222222222222,180.555555555556,7451.97686115411,1039.98104597925,505.342902623718,21.9714305488573,622.523865550957,14.6476203659049,8133.09120816869,0.000957801564429806,0.321245780156443,0.751066076574722,0.128492795389049,0.0722653355290243,1.4693507616303,0.263152105593966,0.256156086318877,2.11506871988267,0.627162581185837,5.03635805573015,0.222241357636706,"Pleural","epithelial or epithelioid","MVB 0055",3.16523800778066
"196","071922 Immunopheno Motif ck #04 NMVB TMA1_Scan1_Core[1,5,D]_[11447,54074]",1052,1115,0.45532319391635,1477.08027792545,0.374887892376682,0.357847533632287,0.641255605381166,0,0.0457399103139013,0.154260089686099,0.429657794676806,0.11787072243346,0.00665399239543726,0,0.00665399239543726,0.0142585551330798,0.424904942965779,1161.11111111111,1108.33333333333,1986.11111111111,0,141.666666666667,477.777777777778,1393.82105557892,382.375687813687,21.585724312063,0,21.585724312063,46.2551235258492,1378.40268107031,0.00229182509505703,0.12196102661597,0.847826045627376,0.0295522813688213,0.0342281368821293,1.81330513307985,0.483986547085202,0.591278923766816,4.23531569506726,1.37153811659193,7.96539013452915,0.374972197309417,"Peritoneal","epithelial or epithelioid","MVB 0044",2.96260186775227
"198","071922 Immunopheno Motif ck #04 NMVB TMA1_Scan1_Core[1,6,A]_[8396,55313]",2452,2558,0.744698205546493,5449.25951546354,0.0969507427677873,0.09147771696638,0.335027365129007,0.027756059421423,0.00938232994526974,0.0566849100860047,0.591353996737357,0.124796084828711,0.00734094616639478,0,0.0469004893964111,0.000407830342577488,0.229200652528548,688.888888888889,650,2380.55555555556,197.222222222222,66.6666666666667,402.777777777778,4327.17759990259,913.183686600134,53.7166874470667,0,343.189947578482,2.98426041372593,1677.15435251397,0.000380913539967374,0.105752446982055,0.705333197389886,0.167871125611746,0.024076264274062,2.58190293637847,0.387378420641126,0.26193940578577,1.8590680218921,1.39123143080532,4.44236512900704,0.40152853792025,"Pleural","epithelial or epithelioid","MVB 0360",2.34311731425701
"199","071922 Immunopheno Motif ck #04 NMVB TMA1_Scan1_Core[1,6,C]_[10525,55249]",3225,2992,0.248062015503876,2163.92898093281,0.0314171122994652,0.689839572192513,0.337232620320856,0.0344251336898396,0.00568181818181818,0.0116978609625668,0.287131782945736,0.0663565891472868,0.0313178294573643,0.000310077519379845,0.00434108527131783,0.00186046511627907,0.608682170542636,261.111111111111,5733.33333333333,2802.77777777778,286.111111111111,47.2222222222222,97.2222222222222,2504.74779542973,578.851002399527,273.196033842767,2.70491122616601,37.8687571663242,16.2294673569961,5309.74073696388,0.000733333333333333,0.25396496124031,0.890433178294574,0.0224858914728682,0.0113085271317829,0.998570852713178,0.376886363636364,0.365270053475936,1.58619953208556,2.60335728609626,6.05602606951872,0.386484959893048,"Other","epithelial or epithelioid","MVB 0361",5.75802124110356
"200","071922 Immunopheno Motif ck #04 NMVB TMA1_Scan1_Core[1,6,G]_[14497,54836]",648,577,0.487654320987654,1987.3513888819,0.341421143847487,0.377816291161178,0.740034662045061,0.024263431542461,0.0103986135181976,0.0814558058925477,0.507716049382716,0.0709876543209877,0.00617283950617284,0,0.0231481481481481,0,0.391975308641975,547.222222222222,605.555555555556,1186.11111111111,38.8888888888889,16.6666666666667,130.555555555556,2069.1095156397,289.297986989137,25.1563466947076,0,94.3363001051535,0,1597.42801511393,0.00215432098765432,0.135813271604938,0.527371913580247,0.0573132716049383,0.0368688271604938,2.37388888888889,0.32728596187175,0.51236568457539,2.54614731369151,2.27257712305026,9.31493934142114,0.442429809358752,"Pleural","epithelial or epithelioid","MVB 0360",3.5328683679616
"204","071922 Immunopheno Motif ck #04 NMVB TMA1_Scan1_Core[1,7,J]_[17833,56139]",740,801,0.231081081081081,671.947149588403,0.247191011235955,0.248439450686642,0.699126092384519,0.00624219725343321,0.031210986267166,0.0187265917602996,0.263513513513513,0.102702702702703,0.0432432432432432,0,0.0540540540540541,0.00405405405405405,0.532432432432432,550,552.777777777778,1555.55555555556,13.8888888888889,69.4444444444444,41.6666666666667,766.255521460459,298.643177594846,125.744495829409,0,157.180619786761,11.7885464840071,1548.2291048996,0.00299594594594595,0.619621621621622,0.889625675675676,0.151627027027027,0.0345486486486486,1.4693472972973,0.712815230961298,0.308960049937578,2.6211847690387,1.42813233458177,8.96801747815231,0.37601747815231,"Peritoneal","biphasic","MVB 0051",3.56794891501914
"211","071922 Immunopheno Motif ck #04 NMVB TMA1_Scan1_Core[5,1,C]_[10528,62465]",2155,2251,0.956844547563805,7827.99072333747,0.31274988893825,0.318080852954243,0.516659262549978,0.0772989782318969,0.00533096401599289,0.0302087960906264,0.681670533642691,0.163341067285383,0.0357308584686775,0.00139211136890951,0.0737819025522042,0.00556844547563805,0.0385150812064965,1955.55555555556,1988.88888888889,3230.55555555556,483.333333333333,33.3333333333333,188.888888888889,5576.7790361701,1336.30103521571,292.315851453436,11.3889292774066,603.61325170255,45.5557171096264,315.093710008249,0.00139582366589327,0.42521716937355,0.923831554524362,0.269334106728538,0.0349596287703016,2.99314199535963,0.346266103953798,0.523132829853398,2.93441581519325,2.08700266548201,5.73411950244336,0.702534873389605,"Pleural","epithelial or epithelioid","MVB 0054",2.05312667228425
"215","071922 Immunopheno Motif ck #04 NMVB TMA1_Scan1_Core[5,3,B]_[9623,64658]",1763,1868,0.495745887691435,2721.48581915945,0.154710920770878,0.457173447537473,0.328158458244111,0.0422912205567452,0.0101713062098501,0.00535331905781585,0.479863868406126,0.0578559273964833,0.0425411230856495,0,0.0550198525241066,0.00170164492342598,0.363017583664209,802.777777777778,2372.22222222222,1702.77777777778,219.444444444444,52.7777777777778,27.7777777777778,2634.29863044496,317.610473174215,233.537112628099,0,302.041332332341,9.34148450512396,1992.85002775978,0.00157742484401588,0.37106466250709,0.805617697107204,0.196044242768009,0.031159954622802,1.76258536585366,0.188450214132762,0.465593147751606,2.46530032119914,2.05675428265525,4.41918897216274,0.482442719486081,"Pleural","biphasic","MVB 0076",2.96262747158535
"218","071922 Immunopheno Motif ck #04 NMVB TMA1_Scan1_Core[5,3,E]_[12673,64491]",871,942,0.17910447761194,986.394084670551,0.754777070063694,0.563694267515924,0.278131634819533,0.0467091295116773,0.0286624203821656,0.333333333333333,0.208955223880597,0.138920780711825,0.206659012629162,0.0287026406429392,0.0436280137772675,0.0137772675086108,0.359357060849598,1975,1475,727.777777777778,122.222222222222,75,872.222222222222,1150.79309878231,765.087719520107,1138.14702077371,158.07597510746,240.275482163339,75.8764680515808,1979.1112083454,0.00502411021814007,1.49434672789897,0.727838117106774,0.200061997703789,0.116835820895522,0.810955223880597,0.415513800424628,0.710954352441614,4.23125371549894,2.42384819532909,6.15247346072187,0.583640127388535,"Pleural","epithelial or epithelioid","MVB 0038",3.13235086242798
"220","071922 Immunopheno Motif ck #04 NMVB TMA1_Scan1_Core[5,4,C]_[10719,65706]",2748,2891,0.475254730713246,4398.60376326485,0.211345555171221,0.176755447941889,0.38913870632999,0.0221376686267727,0.0013836042891733,0.00311310965063992,0.340247452692868,0.15174672489083,0.00727802037845706,0,0.00254730713245997,0.00218340611353712,0.495997088791849,1697.22222222222,1419.44444444444,3125,177.777777777778,11.1111111111111,25,3149.07696680907,1404.45464722928,67.3599351189105,0,23.5759772916187,20.2079805356731,4590.57957835375,0.000706331877729258,0.0474974526928675,1.21751237263464,0.0222871179039301,0.0191524745269287,1.77507059679767,0.11487928052577,0.313707713593912,2.60067692839848,1.42359564164649,4.5995268073331,0.288373573158077,"Other","epithelial or epithelioid","MVB 0361",2.2977288809451
"222","071922 Immunopheno Motif ck #04 NMVB TMA1_Scan1_Core[6,1,C]_[16598,62164]",1839,1910,0.962479608482871,7220.10174224726,0.516230366492147,0.13455497382199,0.481151832460733,0.0994764397905759,0.00523560209424084,0.0403141361256545,0.746601413811854,0.135399673735726,0.0364328439369222,0,0.0424143556280587,0.00815660685154975,0.0309951060358891,2738.88888888889,713.888888888889,2552.77777777778,527.777777777778,27.7777777777778,213.888888888889,5600.67779215,1015.70922814665,273.303286288456,0,318.173975082083,61.1873029004005,232.511751021522,0.00312343665035345,0.35015769439913,0.709552474170745,0.17526264274062,0.0436291462751495,3.26893257205003,0.260032460732984,0.440614659685864,4.12123717277487,1.73220942408377,5.31773036649215,0.717285863874346,"Pleural","epithelial or epithelioid","MVB 0054",1.9450652500028
"230","071922 Immunopheno Motif ck #04 NMVB TMA1_Scan1_Core[6,4,D]_[17742,65048]",984,1059,0.785569105691057,5135.40392642487,0.420207743153919,0.27289896128423,0.548630783758262,0.00188857412653447,0.179414542020774,0.040604343720491,0.49390243902439,0.247967479674797,0.00304878048780488,0,0.0365853658536585,0.0548780487804878,0.163617886178862,1236.11111111111,802.777777777778,1613.88888888889,5.55555555555556,527.777777777778,119.444444444444,3228.72743627748,1621.00719022984,19.9304162733178,0,239.164995279813,358.74749291972,1069.59900666805,0.00785569105691057,0.0685579268292683,1.55629573170732,0.167549796747967,0.0596412601626016,4.31846646341463,0.927752596789424,0.471525023607177,5.25425684608121,2.18975448536355,6.55908026440038,0.296906515580737,"Peritoneal","epithelial or epithelioid","MVB 0045",2.44159732988847
