Annotation2,Tissue Category,Tissue Area (mm2),NF2+,CD11C+,CD56+,LAG3+,BAP1+,MTAP+,Total Cells
"Meso_TMA4_Scan1_Core[1,1,A]_[8291,37596]",All,0.36,9006,42,89,8,4791,3654,9529
"Meso_TMA4_Scan1_Core[1,1,B]_[9644,37471]",All,0.36,3540,44,22,25,2376,2518,4671
"Meso_TMA4_Scan1_Core[1,1,C]_[10859,37400]",All,0.36,4510,92,453,11,2020,2301,12752
"Meso_TMA4_Scan1_Core[1,1,D]_[12336,37114]",All,0.36,4763,183,44,33,820,1609,8423
"Meso_TMA4_Scan1_Core[1,1,E]_[13671,37090]",All,0.36,3679,333,11,36,595,784,10605
"Meso_TMA4_Scan1_Core[1,1,F]_[14912,36384]",All,0.36,5197,283,547,28,611,3254,6936
"Meso_TMA4_Scan1_Core[1,1,G]_[16292,36923]",All,0.36,6903,283,770,19,472,1078,10691
"Meso_TMA4_Scan1_Core[1,1,I]_[18984,36899]",All,0.36,2851,320,225,83,650,1759,10084
"Meso_TMA4_Scan1_Core[1,1,J]_[20414,36709]",All,0.36,4677,717,114,31,597,2056,10924
"Meso_TMA4_Scan1_Core[1,1,K]_[21748,36661]",All,0.36,7970,967,1256,19,609,3026,12175
"Meso_TMA4_Scan1_Core[1,10,A]_[9239,49070]",All,0.36,442,119,220,3,495,1206,4227
"Meso_TMA4_Scan1_Core[1,10,B]_[10548,48867]",All,0.36,2001,195,83,1089,397,2332,6108
"Meso_TMA4_Scan1_Core[1,10,C]_[11913,48736]",All,0.36,1929,36,75,1656,414,3073,6336
"Meso_TMA4_Scan1_Core[1,10,F]_[15863,48217]",All,0.36,2215,78,133,6,653,3329,6706
"Meso_TMA4_Scan1_Core[1,10,G]_[17221,48026]",All,0.36,561,42,306,14,781,2234,6066
"Meso_TMA4_Scan1_Core[1,10,H]_[18531,47931]",All,0.36,1125,106,47,6,408,1053,1289
"Meso_TMA4_Scan1_Core[1,10,I]_[19865,47788]",All,0.36,1942,1164,28,11,389,2234,3329
"Meso_TMA4_Scan1_Core[1,10,J]_[21224,47693]",All,0.36,1457,898,61,36,228,1470,1804
"Meso_TMA4_Scan1_Core[1,10,K]_[22582,47645]",All,0.36,634,139,231,17,714,1364,4577
"Meso_TMA4_Scan1_Core[1,11,A]_[9358,50218]",All,0.36,550,97,231,33,636,1317,5055
"Meso_TMA4_Scan1_Core[1,11,B]_[10692,50099]",All,0.36,1792,31,111,228,270,1806,5713
"Meso_TMA4_Scan1_Core[1,11,C]_[12027,49956]",All,0.36,1028,111,58,161,339,2068,5483
"Meso_TMA4_Scan1_Core[1,11,D]_[13337,49789]",All,0.36,436,145,114,131,345,2140,6233
"Meso_TMA4_Scan1_Core[1,11,E]_[14695,49636]",All,0.36,1370,89,303,264,1437,2282,9348
"Meso_TMA4_Scan1_Core[1,11,F]_[15982,49432]",All,0.36,317,100,970,395,2020,3157,9457
"Meso_TMA4_Scan1_Core[1,11,G]_[17268,49289]",All,0.36,1114,208,1384,584,2017,2929,12091
"Meso_TMA4_Scan1_Core[1,11,H]_[18626,49074]",All,0.36,361,186,100,6,589,1217,1842
"Meso_TMA4_Scan1_Core[1,11,I]_[19961,48908]",All,0.36,3062,450,217,42,414,1906,5222
"Meso_TMA4_Scan1_Core[1,11,K]_[22629,48812]",All,0.36,325,53,97,14,489,642,2437
"Meso_TMA4_Scan1_Core[1,12,A]_[9501,51529]",All,0.36,350,69,164,3,381,1095,3810
"Meso_TMA4_Scan1_Core[1,12,B]_[10812,51362]",All,0.36,962,581,42,0,434,1606,3190
"Meso_TMA4_Scan1_Core[1,12,D]_[13469,51142]",All,0.36,964,306,103,0,353,1331,2079
"Meso_TMA4_Scan1_Core[1,12,E]_[14743,50957]",All,0.36,6717,7559,4288,0,1806,2359,8276
"Meso_TMA4_Scan1_Core[1,12,F]_[16053,50766]",All,0.36,5038,998,303,22,1542,2748,7353
"Meso_TMA4_Scan1_Core[1,12,G]_[17388,50504]",All,0.36,3271,4177,786,19,1395,2557,8442
"Meso_TMA4_Scan1_Core[1,12,H]_[18650,50218]",All,0.36,792,903,300,122,503,2229,5008
"Meso_TMA4_Scan1_Core[1,12,I]_[20080,50051]",All,0.36,1200,686,281,67,436,2326,4485
"Meso_TMA4_Scan1_Core[1,12,K]_[22748,50004]",All,0.36,167,114,125,31,625,1028,4830
"Meso_TMA4_Scan1_Core[1,13,A]_[9620,52768]",All,0.36,614,89,50,0,383,989,5763
"Meso_TMA4_Scan1_Core[1,13,B]_[10907,52648]",All,0.36,2807,208,72,0,375,467,4113
"Meso_TMA4_Scan1_Core[1,13,C]_[12199,52609]",All,0.36,497,69,44,0,372,745,912
"Meso_TMA4_Scan1_Core[1,13,D]_[13504,52242]",All,0.36,434,370,192,0,456,786,1106
"Meso_TMA4_Scan1_Core[1,13,E]_[14886,52172]",All,0.36,536,895,36,0,220,1234,2782
"Meso_TMA4_Scan1_Core[1,13,F]_[16196,52029]",All,0.36,472,845,6,8,181,1184,3351
"Meso_TMA4_Scan1_Core[1,13,G]_[17442,52037]",All,0.36,322,1392,136,8,728,1012,5372
"Meso_TMA4_Scan1_Core[1,13,H]_[18722,51433]",All,0.36,53,5530,170,6,158,1523,7892
"Meso_TMA4_Scan1_Core[1,13,I]_[20104,51862]",All,0.36,6,1745,69,3,186,945,4694
"Meso_TMA4_Scan1_Core[1,13,J]_[21557,51338]",All,0.36,3,809,50,3,125,436,6305
"Meso_TMA4_Scan1_Core[1,13,K]_[22869,51345]",All,0.36,400,19,183,14,489,1267,3643
"Meso_TMA4_Scan1_Core[1,14,A]_[9739,54006]",All,0.36,1012,44,172,0,453,1120,5085
"Meso_TMA4_Scan1_Core[1,14,D]_[13599,53530]",All,0.36,1284,545,72,0,275,1084,2504
"Meso_TMA4_Scan1_Core[1,14,F]_[16315,53339]",All,0.36,1078,945,133,25,422,1070,3451
"Meso_TMA4_Scan1_Core[1,14,G]_[17554,53316]",All,0.36,1756,1492,356,19,434,1159,3604
"Meso_TMA4_Scan1_Core[1,14,H]_[18883,53209]",All,0.36,122,3968,53,0,111,1120,7828
"Meso_TMA4_Scan1_Core[1,14,I]_[20318,53054]",All,0.36,11,4649,17,0,42,347,8398
"Meso_TMA4_Scan1_Core[1,14,J]_[21700,52815]",All,0.36,31,4263,33,0,53,617,7859
"Meso_TMA4_Scan1_Core[1,14,K]_[22971,52655]",All,0.36,1267,17,164,8,753,1337,3960
"Meso_TMA4_Scan1_Core[1,15,A]_[9858,55150]",All,0.36,597,8,186,3,472,1173,3921
"Meso_TMA4_Scan1_Core[1,15,B]_[11175,55098]",All,0.36,297,39,195,3,506,995,4168
"Meso_TMA4_Scan1_Core[1,15,C]_[12503,55031]",All,0.36,609,100,492,78,850,536,5277
"Meso_TMA4_Scan1_Core[1,15,D]_[13790,54864]",All,0.36,1181,61,275,14,664,1075,5591
"Meso_TMA4_Scan1_Core[1,15,E]_[15124,54721]",All,0.36,678,122,222,39,664,1073,5430
"Meso_TMA4_Scan1_Core[1,15,F]_[16387,54578]",All,0.36,406,6,67,3,186,1412,4327
"Meso_TMA4_Scan1_Core[1,15,G]_[17697,54507]",All,0.36,936,136,158,8,406,1512,4480
"Meso_TMA4_Scan1_Core[1,15,H]_[19008,54483]",All,0.36,1128,72,172,39,497,1181,4485
"Meso_TMA4_Scan1_Core[1,15,I]_[20342,54340]",All,0.36,1012,106,94,33,303,1201,4316
"Meso_TMA4_Scan1_Core[1,15,J]_[21700,54150]",All,0.36,2368,186,356,189,689,1050,5361
"Meso_TMA4_Scan1_Core[1,15,K]_[23050,53911]",All,0.36,3727,103,333,67,1434,1025,5466
"Meso_TMA4_Scan1_Core[1,16,A]_[9961,56567]",All,0.36,11177,200,3,1006,709,434,14031
"Meso_TMA4_Scan1_Core[1,16,B]_[11195,56381]",All,0.36,5238,1059,119,147,684,595,6906
"Meso_TMA4_Scan1_Core[1,17,A]_[10098,57787]",All,0.36,10546,383,31,539,256,934,13061
"Meso_TMA4_Scan1_Core[1,17,B]_[11432,57656]",All,0.36,13575,1092,145,1100,622,814,15159
"Meso_TMA4_Scan1_Core[1,2,A]_[8357,38948]",All,0.36,584,261,203,3,584,1112,3921
"Meso_TMA4_Scan1_Core[1,2,B]_[9692,38782]",All,0.36,1131,1184,75,61,183,2646,6205
"Meso_TMA4_Scan1_Core[1,2,C]_[11044,38652]",All,0.36,31,92,25,14,222,684,1359
"Meso_TMA4_Scan1_Core[1,2,D]_[12456,38496]",All,0.36,122,172,42,97,253,2031,6664
"Meso_TMA4_Scan1_Core[1,2,E]_[13837,38472]",All,0.36,736,1337,28,25,114,1667,6789
"Meso_TMA4_Scan1_Core[1,2,F]_[15124,38305]",All,0.36,331,525,94,44,158,1917,5213
"Meso_TMA4_Scan1_Core[1,2,G]_[16434,38210]",All,0.36,61,236,242,172,381,1476,5052
"Meso_TMA4_Scan1_Core[1,2,H]_[17721,38114]",All,0.36,142,378,36,6,311,536,2195
"Meso_TMA4_Scan1_Core[1,2,I]_[19174,37995]",All,0.36,247,270,272,0,189,1237,3118
"Meso_TMA4_Scan1_Core[1,2,J]_[20498,37733]",All,0.36,281,94,50,0,408,870,1753
"Meso_TMA4_Scan1_Core[1,2,K]_[21819,37852]",All,0.36,1503,139,261,31,622,1767,5222
"Meso_TMA4_Scan1_Core[1,3,A]_[8476,40235]",All,0.36,547,8,303,19,698,1515,5252
"Meso_TMA4_Scan1_Core[1,3,G]_[16887,39139]",All,0.36,0,736,492,0,2390,842,3991
"Meso_TMA4_Scan1_Core[1,3,H]_[17864,39449]",All,0.36,367,328,6,0,456,970,4088
"Meso_TMA4_Scan1_Core[1,3,I]_[19198,39330]",All,0.36,592,1117,295,0,489,1881,3724
"Meso_TMA4_Scan1_Core[1,3,J]_[20509,39187]",All,0.36,53,572,97,0,339,606,2465
"Meso_TMA4_Scan1_Core[1,3,K]_[21914,39139]",All,0.36,403,3,278,175,672,853,6036
"Meso_TMA4_Scan1_Core[1,4,A]_[8572,41545]",All,0.36,317,2390,133,0,500,1037,4794
"Meso_TMA4_Scan1_Core[1,4,B]_[9882,41355]",All,0.36,331,622,356,19,859,2045,4010
"Meso_TMA4_Scan1_Core[1,4,C]_[11288,41164]",All,0.36,50,620,698,3,1192,1765,3076
"Meso_TMA4_Scan1_Core[1,4,D]_[12622,41021]",All,0.36,114,773,261,0,856,1187,2515
"Meso_TMA4_Scan1_Core[1,4,E]_[14028,40974]",All,0.36,1134,117,125,22,447,939,3604
"Meso_TMA4_Scan1_Core[1,4,F]_[15321,40854]",All,0.36,370,206,56,22,625,2020,3015
"Meso_TMA4_Scan1_Core[1,4,G]_[16649,40735]",All,0.36,731,206,17,14,439,1270,3049
"Meso_TMA4_Scan1_Core[1,4,I]_[19426,40499]",All,0.36,867,308,128,0,233,1142,1620
"Meso_TMA4_Scan1_Core[1,4,J]_[20628,40306]",All,0.36,1973,1904,445,100,823,2690,8034
"Meso_TMA4_Scan1_Core[1,4,K]_[22010,40306]",All,0.36,353,33,217,122,714,956,4888
"Meso_TMA4_Scan1_Core[1,5,A]_[8643,42761]",All,0.36,308,81,156,8,511,1301,4655
"Meso_TMA4_Scan1_Core[1,5,B]_[9978,42618]",All,0.36,336,267,33,3,211,636,2812
"Meso_TMA4_Scan1_Core[1,5,C]_[11336,42498]",All,0.36,545,856,31,3,206,736,3360
"Meso_TMA4_Scan1_Core[1,5,D]_[12741,42308]",All,0.36,267,392,86,14,236,439,4880
"Meso_TMA4_Scan1_Core[1,5,E]_[14100,42213]",All,0.36,1184,197,192,161,839,1515,5763
"Meso_TMA4_Scan1_Core[1,5,F]_[15434,42093]",All,0.36,195,22,19,8,222,742,967
"Meso_TMA4_Scan1_Core[1,5,H]_[18007,41784]",All,0.36,122,17,3,19,497,1473,2390
"Meso_TMA4_Scan1_Core[1,5,I]_[19389,41665]",All,0.36,167,736,197,6,347,1403,1820
"Meso_TMA4_Scan1_Core[1,5,J]_[20795,41593]",All,0.36,653,670,497,17,811,2151,5575
"Meso_TMA4_Scan1_Core[1,5,K]_[22081,41569]",All,0.36,734,145,133,42,478,1414,5405
"Meso_TMA4_Scan1_Core[1,6,A]_[8786,44023]",All,0.36,247,345,142,0,472,1078,4641
"Meso_TMA4_Scan1_Core[1,6,C]_[11526,43737]",All,0.36,1734,809,22,0,1103,2281,4418
"Meso_TMA4_Scan1_Core[1,6,D]_[12884,43571]",All,0.36,1692,61,281,17,825,1873,3938
"Meso_TMA4_Scan1_Core[1,6,E]_[14219,43452]",All,0.36,570,489,145,22,548,789,1865
"Meso_TMA4_Scan1_Core[1,6,G]_[16840,43118]",All,0.36,11,250,95,3,195,475,1526
"Meso_TMA4_Scan1_Core[1,6,H]_[18198,43046]",All,0.36,8,281,44,0,164,356,1612
"Meso_TMA4_Scan1_Core[1,6,I]_[19484,42999]",All,0.36,11,53,6,0,81,119,917
"Meso_TMA4_Scan1_Core[1,6,J]_[20879,42805]",All,0.36,61,131,64,0,56,164,1025
"Meso_TMA4_Scan1_Core[1,6,K]_[22177,42784]",All,0.36,1045,83,297,17,586,1559,4883
"Meso_TMA4_Scan1_Core[1,7,A]_[8858,45286]",All,0.36,536,56,175,3,572,1367,4296
"Meso_TMA4_Scan1_Core[1,7,B]_[10180,45005]",All,0.36,1284,6,308,28,667,1681,2320
"Meso_TMA4_Scan1_Core[1,7,C]_[11526,45000]",All,0.36,3048,247,803,11,881,2746,4074
"Meso_TMA4_Scan1_Core[1,7,E]_[14290,44643]",All,0.36,1195,153,17,89,136,1945,7748
"Meso_TMA4_Scan1_Core[1,7,F]_[15577,44476]",All,0.36,1623,275,220,64,411,3418,6086
"Meso_TMA4_Scan1_Core[1,7,G]_[16887,44357]",All,0.36,1167,192,459,86,584,2307,7503
"Meso_TMA4_Scan1_Core[1,7,K]_[22272,44023]",All,0.36,572,56,186,36,484,1326,4330
"Meso_TMA4_Scan1_Core[1,8,A]_[9001,46525]",All,0.36,956,39,228,3,681,1087,4955
"Meso_TMA4_Scan1_Core[1,8,B]_[10322,46335]",All,0.36,81,22,36,0,250,342,925
"Meso_TMA4_Scan1_Core[1,8,C]_[11693,46239]",All,0.36,3,22,14,3,89,303,1189
"Meso_TMA4_Scan1_Core[1,8,E]_[14362,45906]",All,0.36,3432,75,47,31,698,1895,4530
"Meso_TMA4_Scan1_Core[1,8,F]_[15648,45715]",All,0.36,2737,270,17,31,489,1723,4966
"Meso_TMA4_Scan1_Core[1,8,G]_[17006,45620]",All,0.36,3012,44,8,17,784,1459,4029
"Meso_TMA4_Scan1_Core[1,8,H]_[18269,45477]",All,0.36,759,208,208,181,625,2709,6769
"Meso_TMA4_Scan1_Core[1,8,I]_[19849,45419]",All,0.36,2162,503,136,142,584,3490,8687
"Meso_TMA4_Scan1_Core[1,8,K]_[22367,45191]",All,0.36,545,170,119,17,472,1106,4557
"Meso_TMA4_Scan1_Core[1,9,A]_[9120,47716]",All,0.36,998,83,281,0,556,1601,5697
"Meso_TMA4_Scan1_Core[1,9,B]_[10437,47628]",All,0.36,7967,1434,92,414,4596,3638,10713
"Meso_TMA4_Scan1_Core[1,9,C]_[11795,47563]",All,0.36,3779,197,200,197,1184,2287,5302
"Meso_TMA4_Scan1_Core[1,9,D]_[13123,47216]",All,0.36,6631,973,75,94,903,3454,11227
"Meso_TMA4_Scan1_Core[1,9,E]_[14427,47247]",All,0.36,831,231,56,72,734,828,1865
"Meso_TMA4_Scan1_Core[1,9,F]_[15744,47002]",All,0.36,14,175,83,19,1137,781,5236
"Meso_TMA4_Scan1_Core[1,9,G]_[17102,46835]",All,0.36,64,397,175,61,639,1062,5700
"Meso_TMA4_Scan1_Core[1,9,H]_[18424,46741]",All,0.36,2345,1367,239,158,3082,1259,9707
"Meso_TMA4_Scan1_Core[1,9,I]_[19831,46603]",All,0.36,2498,2268,203,53,1231,1842,7598
"Meso_TMA4_Scan1_Core[1,9,J]_[21104,46502]",All,0.36,2973,3763,561,247,3168,2190,11604
"Meso_TMA4_Scan1_Core[1,9,K]_[22439,46382]",All,0.36,439,50,131,8,356,1203,4305
"NMVB_TMA1_Scan1_Core[1,1,A]_[9774,47328]",All,0.36,242,145,22,0,192,1187,1790
"NMVB_TMA1_Scan1_Core[1,1,B]_[11013,47185]",All,0.36,1092,58,6,3,86,1867,3576
"NMVB_TMA1_Scan1_Core[1,1,C]_[12118,47066]",All,0.36,470,11,8,0,67,1562,2723
"NMVB_TMA1_Scan1_Core[1,1,E]_[14010,47098]",All,0.36,356,19,0,0,150,995,1584
"NMVB_TMA1_Scan1_Core[1,1,G]_[16001,46938]",All,0.36,1073,0,6,0,78,1881,3471
"NMVB_TMA1_Scan1_Core[1,1,H]_[17041,46971]",All,0.36,1317,22,3,3,36,2420,3915
"NMVB_TMA1_Scan1_Core[1,1,J]_[19090,46865]",All,0.36,434,14,0,0,92,1684,3035
"NMVB_TMA1_Scan1_Core[1,1,K]_[20116,46756]",All,0.36,639,3,6,0,22,2115,4335
"NMVB_TMA1_Scan1_Core[1,3,B]_[11084,49234]",All,0.36,1536,3,42,6,1000,1320,2417
"NMVB_TMA1_Scan1_Core[1,3,C]_[12276,49187]",All,0.36,4916,83,28,698,2932,3646,7267
"NMVB_TMA1_Scan1_Core[1,3,D]_[13229,49187]",All,0.36,6769,220,0,86,4660,3446,7222
"NMVB_TMA1_Scan1_Core[1,3,E]_[14230,49139]",All,0.36,872,42,86,6,258,983,1325
"NMVB_TMA1_Scan1_Core[1,3,G]_[16183,48996]",All,0.36,1028,1312,806,75,675,3087,4758
"NMVB_TMA1_Scan1_Core[1,3,H]_[17232,49044]",All,0.36,1976,42,964,6,1089,2823,3746
"NMVB_TMA1_Scan1_Core[1,3,I]_[18280,48853]",All,0.36,3474,11,11,628,2445,3474,6528
"NMVB_TMA1_Scan1_Core[1,3,K]_[20274,48927]",All,0.36,2065,42,44,28,392,1745,2315
"NMVB_TMA1_Scan1_Core[1,4,A]_[10084,50402]",All,0.36,550,28,103,25,1662,2401,3860
"NMVB_TMA1_Scan1_Core[1,4,B]_[11188,50347]",All,0.36,2170,17,6,122,420,1754,4188
"NMVB_TMA1_Scan1_Core[1,4,C]_[12228,50330]",All,0.36,478,22,181,39,2732,1620,13175
"NMVB_TMA1_Scan1_Core[1,4,E]_[14277,50259]",All,0.36,2357,47,497,1009,1359,1887,3474
"NMVB_TMA1_Scan1_Core[1,4,G]_[16279,50068]",All,0.36,1904,6,17,75,1328,1984,4185
"NMVB_TMA1_Scan1_Core[1,4,J]_[19395,50046]",All,0.36,14,8,3,0,122,311,839
"NMVB_TMA1_Scan1_Core[1,4,K]_[20400,49949]",All,0.36,1659,164,47,367,898,1162,3746
"NMVB_TMA1_Scan1_Core[1,5,A]_[10116,51563]",All,0.36,6336,17,14,936,884,778,7033
"NMVB_TMA1_Scan1_Core[1,5,C]_[12252,51379]",All,0.36,3443,81,28,14,1334,2332,4646
"NMVB_TMA1_Scan1_Core[1,5,D]_[13324,51260]",All,0.36,1109,142,478,0,1162,1987,3096
"NMVB_TMA1_Scan1_Core[1,5,H]_[17375,51093]",All,0.36,3702,44,25,25,153,4099,7261
"NMVB_TMA1_Scan1_Core[1,5,I]_[18473,51021]",All,0.36,367,8,8,3,420,1273,2101
"NMVB_TMA1_Scan1_Core[1,6,A]_[10251,52570]",All,0.36,650,67,403,197,689,2382,7100
"NMVB_TMA1_Scan1_Core[1,6,B]_[11275,52427]",All,0.36,989,61,58,69,1445,2946,9190
"NMVB_TMA1_Scan1_Core[1,6,C]_[12371,52475]",All,0.36,5736,47,97,286,261,2804,8289
"NMVB_TMA1_Scan1_Core[1,6,G]_[16423,52167]",All,0.36,606,17,131,39,547,1186,1603
"NMVB_TMA1_Scan1_Core[1,6,H]_[17448,52173]",All,0.36,3449,992,111,33,725,2701,6380
"NMVB_TMA1_Scan1_Core[1,6,I]_[18528,51966]",All,0.36,3476,1370,236,314,1048,3387,6336
"NMVB_TMA1_Scan1_Core[1,7,B]_[11370,53605]",All,0.36,83,208,475,189,7125,2315,8506
"NMVB_TMA1_Scan1_Core[1,7,D]_[13433,53446]",All,0.36,1025,3,417,78,314,2943,4388
"NMVB_TMA1_Scan1_Core[1,7,E]_[14563,53380]",All,0.36,3357,0,214,19,222,2054,4221
"NMVB_TMA1_Scan1_Core[1,7,H]_[17541,53263]",All,0.36,78,981,203,203,5680,2004,7561
"NMVB_TMA1_Scan1_Core[1,7,J]_[19590,53142]",All,0.36,553,69,42,14,550,1556,2223
"NMVB_TMA1_Scan1_Core[1,7,K]_[20686,52975]",All,0.36,2593,106,195,17,667,3157,5780
"NMVB_TMA1_Scan1_Core[2,1,A]_[10410,55636]",All,0.36,3,133,53,3,3048,2915,6094
"NMVB_TMA1_Scan1_Core[2,1,E]_[16627,55227]",All,0.36,6,514,195,6,2751,3385,6583
"NMVB_TMA1_Scan1_Core[2,2,A]_[10457,56732]",All,0.36,1617,36,28,28,1184,1640,3093
"NMVB_TMA1_Scan1_Core[2,2,B]_[11553,57613]",All,0.36,8228,161,22,395,1979,5588,8740
"NMVB_TMA1_Scan1_Core[2,2,C]_[12575,56594]",All,0.36,1045,47,550,3,965,914,1173
"NMVB_TMA1_Scan1_Core[2,2,D]_[14602,56440]",All,0.36,1904,14,11,14,92,1598,2982
"NMVB_TMA1_Scan1_Core[2,2,E]_[16700,57312]",All,0.36,8,934,86,0,3354,2732,5430
"NMVB_TMA1_Scan1_Core[3,1,A]_[18629,55125]",All,0.36,2065,31,75,233,514,1101,2382
"NMVB_TMA1_Scan1_Core[3,1,B]_[19770,55142]",All,0.36,2495,33,628,136,564,1562,3457
"NMVB_TMA1_Scan1_Core[3,2,A]_[18725,56197]",All,0.36,1120,14,92,3,1023,862,1565
"NMVB_TMA1_Scan1_Core[3,2,B]_[19740,56190]",All,0.36,7509,3,56,331,2143,3565,8592
"NMVB_TMA1_Scan1_Core[3,3,C]_[20941,57048]",All,0.36,1187,75,22,17,3457,2301,5733
"NMVB_TMA1_Scan1_Core[4,1,B]_[11341,59833]",All,0.36,1337,17,211,11,925,1981,3340
"NMVB_TMA1_Scan1_Core[4,1,C]_[12384,59708]",All,0.36,1990,33,189,484,1956,3232,6250
"NMVB_TMA1_Scan1_Core[4,1,E]_[14463,59571]",All,0.36,1773,25,117,6,683,1595,2223
"NMVB_TMA1_Scan1_Core[4,2,A]_[10311,60938]",All,0.36,3668,19,36,42,1417,1292,4880
"NMVB_TMA1_Scan1_Core[4,2,B]_[11384,60938]",All,0.36,2751,25,0,33,195,2598,7036
"NMVB_TMA1_Scan1_Core[4,2,D]_[13433,60914]",All,0.36,100,6,50,6,353,261,714
"NMVB_TMA1_Scan1_Core[4,2,E]_[14481,60661]",All,0.36,2398,72,189,570,3343,1264,5777
"NMVB_TMA1_Scan1_Core[4,3,B]_[11479,61963]",All,0.36,2373,53,28,220,803,1703,5191
"NMVB_TMA1_Scan1_Core[4,3,C]_[12432,61853]",All,0.36,450,114,219,8,806,589,1039
"NMVB_TMA1_Scan1_Core[4,3,D]_[13480,61939]",All,0.36,678,158,484,42,1359,364,3101
"NMVB_TMA1_Scan1_Core[4,3,E]_[14529,61772]",All,0.36,1476,75,873,122,1976,728,2612
"NMVB_TMA1_Scan1_Core[4,4,A]_[10502,63035]",All,0.36,1020,86,42,3,1295,970,3199
"NMVB_TMA1_Scan1_Core[4,4,B]_[11538,63049]",All,0.36,534,1181,22,111,236,1584,6244
"NMVB_TMA1_Scan1_Core[4,4,C]_[12551,63011]",All,0.36,1420,11,25,178,1698,3126,8014
"NMVB_TMA1_Scan1_Core[4,4,E]_[14552,62916]",All,0.36,86,3,1223,203,3496,2020,5316
"NMVB_TMA1_Scan1_Core[4,5,B]_[11462,64236]",All,0.36,94,870,75,22,5527,1073,7609
"NMVB_TMA1_Scan1_Core[5,1,A]_[16413,59541]",All,0.36,217,761,83,8,308,697,839
"NMVB_TMA1_Scan1_Core[5,1,B]_[17425,59433]",All,0.36,481,8,3,0,1212,967,1859
"NMVB_TMA1_Scan1_Core[5,1,C]_[18428,59421]",All,0.36,714,28,214,528,2740,2554,5308
"NMVB_TMA1_Scan1_Core[5,1,D]_[19524,59278]",All,0.36,6942,275,28,17,4844,3157,8059
"NMVB_TMA1_Scan1_Core[5,1,E]_[20596,59326]",All,0.36,1265,208,17,0,1548,1095,2087
"NMVB_TMA1_Scan1_Core[5,2,A]_[16427,60612]",All,0.36,1609,17,125,17,3221,1473,4216
"NMVB_TMA1_Scan1_Core[5,2,B]_[17475,60493]",All,0.36,2265,320,3,58,2445,2229,4527
"NMVB_TMA1_Scan1_Core[5,2,D]_[19572,60350]",All,0.36,39,11,0,0,489,72,734
"NMVB_TMA1_Scan1_Core[5,3,B]_[17475,61613]",All,0.36,400,64,14,6,1701,1559,3332
"NMVB_TMA1_Scan1_Core[5,3,D]_[19572,61375]",All,0.36,820,370,133,33,1245,433,1784
"NMVB_TMA1_Scan1_Core[5,4,A]_[16474,62733]",All,0.36,564,14,186,128,2779,2332,5483
"NMVB_TMA1_Scan1_Core[5,4,C]_[18595,62685]",All,0.36,1673,8,47,247,2626,4557,8067
"NMVB_TMA1_Scan1_Core[5,4,D]_[19548,62304]",All,0.36,803,528,119,6,1237,1615,2943
"NMVB_TMA1_Scan1_Core[5,5,B]_[17618,63615]",All,0.36,484,547,178,17,3829,1281,5113
"NMVB_TMA1_Scan1_Core[5,5,C]_[18619,63710]",All,0.36,122,36,33,8,1537,975,12788
"NMVB_TMA1_Scan1_Core[5,5,D]_[19620,63543]",All,0.36,145,58,44,22,745,773,2643
"NMVB_TMA1_Scan1_Core[5,5,E]_[20716,63615]",All,0.36,2709,995,200,0,1809,2946,5533
"NMVB_TMA1_Scan1_Core[5,6,A]_[16627,64806]",All,0.36,39,0,0,0,400,131,472
"NMVB_TMA1_Scan1_Core[5,6,B]_[17642,64711]",All,0.36,1951,8,17,8,2732,1453,4944
"NMVB_TMA1_Scan1_Core[5,6,C]_[18643,64711]",All,0.36,609,39,19,0,1173,1131,1995
"NMVB_TMA1_Scan1_Core[5,6,D]_[19667,64639]",All,0.36,3424,753,33,3,1540,1840,6931
"NMVB2_Meso_Scan1_Core[1,1,A]_[9283,40774]",All,0.64,486,86,137,2,678,648,781
"NMVB2_Meso_Scan1_Core[1,1,B]_[10236,40702]",All,0.64,30,12,64,17,2650,3008,5274
"NMVB2_Meso_Scan1_Core[1,1,C]_[11181,40644]",All,0.64,1143,11,17,11,3299,3713,7039
"NMVB2_Meso_Scan1_Core[1,1,D]_[12524,40589]",All,0.64,3399,11,6,41,3670,3856,7611
"NMVB2_Meso_Scan1_Core[1,1,E]_[13428,40512]",All,0.64,517,2,109,97,1226,884,3299
"NMVB2_Meso_Scan1_Core[1,1,F]_[14361,40563]",All,0.64,1477,14,70,87,1103,1616,4309
"NMVB2_Meso_Scan1_Core[1,1,G]_[15231,40552]",All,0.64,194,27,27,205,426,408,1604
"NMVB2_Meso_Scan1_Core[1,1,H]_[16508,40649]",All,0.64,376,81,125,2,251,565,929
"NMVB2_Meso_Scan1_Core[1,1,I]_[17384,40664]",All,0.64,3157,27,3,751,611,1323,5237
"NMVB2_Meso_Scan1_Core[1,1,J]_[18295,40702]",All,0.64,1563,19,20,234,220,1642,2994
"NMVB2_Meso_Scan1_Core[1,1,K]_[19151,40758]",All,0.64,1691,8,27,291,272,1485,2977
"NMVB2_Meso_Scan1_Core[1,1,L]_[20066,40817]",All,0.64,23,0,30,205,216,1453,4526
"NMVB2_Meso_Scan1_Core[1,10,A]_[8929,49016]",All,0.36,12578,392,14,2112,923,1465,13292
"NMVB2_Meso_Scan1_Core[1,10,B]_[9889,49075]",All,0.36,2440,39,125,67,434,1576,5463
"NMVB2_Meso_Scan1_Core[1,10,C]_[10818,49123]",All,0.36,3132,39,78,50,900,1314,5769
"NMVB2_Meso_Scan1_Core[1,10,D]_[12123,49166]",All,0.36,3696,8,117,364,1014,1565,6408
"NMVB2_Meso_Scan1_Core[1,10,E]_[13012,49173]",All,0.36,642,686,333,81,253,1965,4885
"NMVB2_Meso_Scan1_Core[1,10,F]_[13918,49268]",All,0.36,606,22,67,47,175,1756,5308
"NMVB2_Meso_Scan1_Core[1,10,G]_[14775,49274]",All,0.36,753,22,33,17,139,817,3107
"NMVB2_Meso_Scan1_Core[1,10,H]_[16043,49337]",All,0.36,12072,559,6,1378,453,1226,13717
"NMVB2_Meso_Scan1_Core[1,10,I]_[17006,49452]",All,0.36,586,194,25,17,300,625,2489
"NMVB2_Meso_Scan1_Core[1,10,J]_[17894,49456]",All,0.36,1148,28,103,28,236,898,3385
"NMVB2_Meso_Scan1_Core[1,10,K]_[18823,49527]",All,0.36,795,25,19,19,133,506,2854
"NMVB2_Meso_Scan1_Core[1,10,L]_[19777,49654]",All,0.36,1414,44,33,1437,245,1765,5499
"NMVB2_Meso_Scan1_Core[1,11,A]_[8859,49825]",All,0.36,31,6,6,3,92,442,1745
"NMVB2_Meso_Scan1_Core[1,11,B]_[9770,49885]",All,0.36,1228,33,17,447,1103,1334,4513
"NMVB2_Meso_Scan1_Core[1,11,C]_[10721,49938]",All,0.36,534,3,0,889,503,1009,3099
"NMVB2_Meso_Scan1_Core[1,11,D]_[12035,49994]",All,0.36,561,0,3,0,925,450,3902
"NMVB2_Meso_Scan1_Core[1,11,E]_[12964,50102]",All,0.36,1017,8,6,0,695,553,5808
"NMVB2_Meso_Scan1_Core[1,11,F]_[13822,50150]",All,0.36,584,69,3,3,195,895,4132
"NMVB2_Meso_Scan1_Core[1,11,G]_[14680,50216]",All,0.36,2443,17,6,69,987,1712,4163
"NMVB2_Meso_Scan1_Core[1,11,H]_[16012,50194]",All,0.36,17,8,0,0,89,267,1128
"NMVB2_Meso_Scan1_Core[1,11,I]_[16938,50251]",All,0.36,2395,33,69,197,720,1890,5019
"NMVB2_Meso_Scan1_Core[1,11,J]_[17822,50290]",All,0.36,1865,39,295,167,909,1262,4771
"NMVB2_Meso_Scan1_Core[1,11,K]_[18743,50447]",All,0.36,1025,6,42,11,1501,581,3724
"NMVB2_Meso_Scan1_Core[1,11,L]_[19657,50504]",All,0.36,923,0,44,19,581,973,3271
"NMVB2_Meso_Scan1_Core[1,12,A]_[8859,50630]",All,0.36,44,28,392,0,6,44,656
"NMVB2_Meso_Scan1_Core[1,12,B]_[9746,50660]",All,0.36,1756,6,31,8,1948,848,4007
"NMVB2_Meso_Scan1_Core[1,12,C]_[10626,50743]",All,0.36,1284,17,22,145,78,742,4174
"NMVB2_Meso_Scan1_Core[1,12,D]_[12009,50862]",All,0.36,3804,133,94,1206,336,1854,6069
"NMVB2_Meso_Scan1_Core[1,12,E]_[12869,50936]",All,0.36,389,89,186,150,414,1384,8545
"NMVB2_Meso_Scan1_Core[1,12,F]_[13775,51031]",All,0.36,817,0,53,300,47,1159,5099
"NMVB2_Meso_Scan1_Core[1,12,G]_[14608,51055]",All,0.36,333,56,133,42,33,695,3718
"NMVB2_Meso_Scan1_Core[1,12,H]_[15943,51189]",All,0.36,47,44,536,0,0,131,717
"NMVB2_Meso_Scan1_Core[1,12,I]_[16893,51171]",All,0.36,8,14,3,0,31,64,962
"NMVB2_Meso_Scan1_Core[1,12,J]_[17798,51322]",All,0.36,92,194,161,8,303,503,1806
"NMVB2_Meso_Scan1_Core[1,12,K]_[18625,51332]",All,0.36,203,189,586,0,89,408,3921
"NMVB2_Meso_Scan1_Core[1,12,L]_[19569,51432]",All,0.36,381,472,620,8,89,250,3310
"NMVB2_Meso_Scan1_Core[1,13,B]_[9582,51921]",All,0.36,1081,100,81,0,108,1473,3843
"NMVB2_Meso_Scan1_Core[1,13,C]_[10511,52040]",All,0.36,5399,150,28,6,106,2879,6753
"NMVB2_Meso_Scan1_Core[1,13,D]_[11820,52134]",All,0.36,3073,6,28,31,53,1342,5266
"NMVB2_Meso_Scan1_Core[1,13,E]_[12725,52182]",All,0.36,242,39,56,53,178,1962,4477
"NMVB2_Meso_Scan1_Core[1,13,F]_[13630,52253]",All,0.36,1356,19,69,58,139,1245,5713
"NMVB2_Meso_Scan1_Core[1,13,G]_[14536,52325]",All,0.36,147,11,44,28,153,1037,4035
"NMVB2_Meso_Scan1_Core[1,13,H]_[15830,52436]",All,0.36,372,67,108,3,131,400,578
"NMVB2_Meso_Scan1_Core[1,13,I]_[16736,52459]",All,0.36,923,14,106,33,317,962,3538
"NMVB2_Meso_Scan1_Core[1,13,J]_[17641,52507]",All,0.36,989,17,108,44,242,1637,4969
"NMVB2_Meso_Scan1_Core[1,13,K]_[18546,52602]",All,0.36,709,19,36,22,200,839,3793
"NMVB2_Meso_Scan1_Core[1,13,L]_[19428,52650]",All,0.36,253,0,8,6,42,303,7926
"NMVB2_Meso_Scan1_Core[1,14,A]_[8544,52727]",All,0.36,75,350,183,0,136,814,1878
"NMVB2_Meso_Scan1_Core[1,14,B]_[9534,52827]",All,0.36,256,6,8,3,131,517,3877
"NMVB2_Meso_Scan1_Core[1,14,C]_[10416,52898]",All,0.36,50,11,8,25,86,350,2779
"NMVB2_Meso_Scan1_Core[1,14,D]_[11724,52968]",All,0.36,17,3,3,0,36,122,334
"NMVB2_Meso_Scan1_Core[1,14,E]_[12630,53016]",All,0.36,1976,0,8,19,195,1012,5366
"NMVB2_Meso_Scan1_Core[1,14,F]_[13559,53135]",All,0.36,773,0,11,8,53,320,2495
"NMVB2_Meso_Scan1_Core[1,14,G]_[14488,53182]",All,0.36,1395,31,3,94,861,909,2915
"NMVB2_Meso_Scan1_Core[1,14,H]_[15735,53317]",All,0.36,50,514,183,3,39,1045,1954
"NMVB2_Meso_Scan1_Core[1,14,I]_[16688,53341]",All,0.36,1256,867,364,42,934,911,3715
"NMVB2_Meso_Scan1_Core[1,14,J]_[17570,53389]",All,0.36,1306,47,3,92,753,695,2590
"NMVB2_Meso_Scan1_Core[1,14,K]_[18451,53484]",All,0.36,1520,11,133,17,650,820,3243
"NMVB2_Meso_Scan1_Core[1,14,L]_[19333,53555]",All,0.36,1715,42,122,8,684,1150,3626
"NMVB2_Meso_Scan1_Core[1,15,A]_[8482,53509]",All,0.36,8542,383,22,1817,345,1981,12222
"NMVB2_Meso_Scan1_Core[1,15,B]_[9415,53637]",All,0.36,1726,3,83,6,1042,1512,4021
"NMVB2_Meso_Scan1_Core[1,15,C]_[10368,53732]",All,0.36,4185,178,58,83,1812,848,5344
"NMVB2_Meso_Scan1_Core[1,15,D]_[11653,53826]",All,0.36,3221,72,133,78,2243,1690,4402
"NMVB2_Meso_Scan1_Core[1,15,E]_[12558,53945]",All,0.36,3274,61,42,56,1715,953,4935
"NMVB2_Meso_Scan1_Core[1,15,F]_[13488,53992]",All,0.36,1929,42,17,25,914,934,3335
"NMVB2_Meso_Scan1_Core[1,15,G]_[14393,54064]",All,0.36,2137,3,58,14,745,1187,3888
"NMVB2_Meso_Scan1_Core[1,15,H]_[15664,54151]",All,0.36,7153,1228,56,1034,197,1034,12174
"NMVB2_Meso_Scan1_Core[1,15,I]_[16569,54222]",All,0.36,531,33,94,14,378,1128,5097
"NMVB2_Meso_Scan1_Core[1,15,J]_[17450,54294]",All,0.36,4382,14,161,33,586,1439,5305
"NMVB2_Meso_Scan1_Core[1,15,K]_[18332,54366]",All,0.36,7581,11,22,44,422,1812,8906
"NMVB2_Meso_Scan1_Core[1,15,L]_[19238,54413]",All,0.36,6967,11,145,47,292,2607,8390
"NMVB2_Meso_Scan1_Core[1,16,A]_[8367,54375]",All,0.36,3004,50,272,33,1906,900,4168
"NMVB2_Meso_Scan1_Core[1,16,B]_[9391,54518]",All,0.36,300,3,47,11,150,592,2178
"NMVB2_Meso_Scan1_Core[1,16,C]_[10273,54614]",All,0.36,228,8,22,8,97,761,2740
"NMVB2_Meso_Scan1_Core[1,16,D]_[11558,54779]",All,0.36,639,25,42,25,197,934,3165
"NMVB2_Meso_Scan1_Core[1,16,E]_[12439,54874]",All,0.36,478,8,39,6,114,1034,2926
"NMVB2_Meso_Scan1_Core[1,16,F]_[13392,54922]",All,0.36,856,200,222,8,42,970,2754
"NMVB2_Meso_Scan1_Core[1,16,G]_[14322,54969]",All,0.36,75,28,8,3,19,820,2309
"NMVB2_Meso_Scan1_Core[1,16,H]_[15616,55009]",All,0.36,834,11,186,0,592,378,1745
"NMVB2_Meso_Scan1_Core[1,16,I]_[16474,55080]",All,0.36,86,19,167,50,175,97,5099
"NMVB2_Meso_Scan1_Core[1,16,J]_[17331,55223]",All,0.36,47,131,1225,11,56,108,3576
"NMVB2_Meso_Scan1_Core[1,16,K]_[18213,55223]",All,0.36,39,58,139,31,131,67,4391
"NMVB2_Meso_Scan1_Core[1,16,L]_[19118,55271]",All,0.36,39,25,33,3,83,261,6052
"NMVB2_Meso_Scan1_Core[1,17,A]_[8354,55674]",All,0.64,9251,259,27,381,367,1492,10558
"NMVB2_Meso_Scan1_Core[1,17,B]_[9300,55756]",All,0.64,45,8,2,11,52,272,1552
"NMVB2_Meso_Scan1_Core[1,17,C]_[10183,55899]",All,0.64,1001,27,6,48,14,672,4133
"NMVB2_Meso_Scan1_Core[1,17,D]_[11440,56013]",All,0.64,2035,14,6,23,601,1165,3552
"NMVB2_Meso_Scan1_Core[1,17,E]_[12374,56123]",All,0.64,4426,103,5,44,714,1955,6964
"NMVB2_Meso_Scan1_Core[1,17,F]_[13273,56205]",All,0.64,3844,220,34,56,584,789,6971
"NMVB2_Meso_Scan1_Core[1,17,G]_[14186,56309]",All,0.64,1445,20,17,33,1143,942,3464
"NMVB2_Meso_Scan1_Core[1,17,H]_[15416,56385]",All,0.64,10157,200,11,2210,465,1050,10873
"NMVB2_Meso_Scan1_Core[1,17,I]_[16388,56429]",All,0.64,1257,166,41,64,1270,926,4400
"NMVB2_Meso_Scan1_Core[1,17,J]_[17175,56485]",All,0.64,1567,317,305,31,1034,668,4314
"NMVB2_Meso_Scan1_Core[1,17,K]_[18103,56529]",All,0.64,2,576,3,0,22,30,2519
"NMVB2_Meso_Scan1_Core[1,17,L]_[19094,56490]",All,0.64,2,106,6,0,48,94,2505
"NMVB2_Meso_Scan1_Core[1,18,B]_[9244,56754]",All,0.64,5,19,3,2,42,122,2422
"NMVB2_Meso_Scan1_Core[1,18,C]_[10055,56766]",All,0.64,6279,273,25,450,39,1855,6788
"NMVB2_Meso_Scan1_Core[1,18,D]_[11436,56976]",All,0.64,9160,209,3,1687,198,1000,10626
"NMVB2_Meso_Scan1_Core[1,18,E]_[12323,57055]",All,0.64,848,117,248,0,70,253,1584
"NMVB2_Meso_Scan1_Core[1,18,F]_[13188,57141]",All,0.64,348,100,86,0,86,220,1081
"NMVB2_Meso_Scan1_Core[1,18,G]_[14113,57234]",All,0.64,356,19,309,6,23,178,701
"NMVB2_Meso_Scan1_Core[1,18,H]_[15274,57314]",All,0.64,554,2,59,8,187,286,761
"NMVB2_Meso_Scan1_Core[1,18,I]_[16231,57343]",All,0.64,397,87,100,8,28,487,2516
"NMVB2_Meso_Scan1_Core[1,18,K]_[18110,57452]",All,0.64,2558,111,437,44,1115,344,3400
"NMVB2_Meso_Scan1_Core[1,18,L]_[19022,57405]",All,0.64,2716,37,242,33,873,387,3922
"NMVB2_Meso_Scan1_Core[1,2,B]_[10198,41561]",All,0.64,820,33,56,216,848,1557,4036
"NMVB2_Meso_Scan1_Core[1,2,C]_[11208,41493]",All,0.64,181,27,39,576,940,951,4173
"NMVB2_Meso_Scan1_Core[1,2,D]_[12533,41466]",All,0.64,1378,61,127,61,1064,1126,3761
"NMVB2_Meso_Scan1_Core[1,2,E]_[13436,41452]",All,0.64,628,11,136,50,800,1046,4214
"NMVB2_Meso_Scan1_Core[1,2,F]_[14313,41442]",All,0.64,517,6,42,44,756,1156,3538
"NMVB2_Meso_Scan1_Core[1,2,G]_[15275,41420]",All,0.64,2771,17,217,58,1645,2001,5871
"NMVB2_Meso_Scan1_Core[1,2,H]_[16478,41488]",All,0.64,181,301,89,5,105,715,1656
"NMVB2_Meso_Scan1_Core[1,2,I]_[17435,41547]",All,0.64,1731,5,11,37,703,1429,3157
"NMVB2_Meso_Scan1_Core[1,2,J]_[18282,41599]",All,0.64,1459,2,17,28,854,1431,2501
"NMVB2_Meso_Scan1_Core[1,2,K]_[19136,41617]",All,0.64,1777,5,17,47,369,814,3302
"NMVB2_Meso_Scan1_Core[1,2,L]_[19996,41807]",All,0.64,1806,75,8,125,562,1891,4857
"NMVB2_Meso_Scan1_Core[1,3,A]_[9257,42488]",All,0.64,8392,164,11,415,2109,2143,9053
"NMVB2_Meso_Scan1_Core[1,3,B]_[10203,42453]",All,0.64,2098,37,28,83,1510,1267,4392
"NMVB2_Meso_Scan1_Core[1,3,C]_[11149,42396]",All,0.64,654,0,48,419,2201,1312,2891
"NMVB2_Meso_Scan1_Core[1,3,D]_[12447,42437]",All,0.64,1829,52,195,618,1854,1043,3397
"NMVB2_Meso_Scan1_Core[1,3,E]_[13418,42360]",All,0.64,2477,44,137,325,1854,1598,2807
"NMVB2_Meso_Scan1_Core[1,3,F]_[14253,42362]",All,0.64,1221,8,55,14,1050,920,1959
"NMVB2_Meso_Scan1_Core[1,3,G]_[15200,42404]",All,0.64,1718,50,53,14,926,750,2635
"NMVB2_Meso_Scan1_Core[1,3,H]_[16450,42424]",All,0.64,8570,415,6,554,537,384,9388
"NMVB2_Meso_Scan1_Core[1,3,I]_[17376,42482]",All,0.64,851,17,0,47,542,572,1357
"NMVB2_Meso_Scan1_Core[1,3,J]_[18261,42475]",All,0.64,1270,28,87,37,241,1342,2099
"NMVB2_Meso_Scan1_Core[1,3,K]_[19125,42539]",All,0.64,812,105,237,11,244,918,1998
"NMVB2_Meso_Scan1_Core[1,3,L]_[20010,42647]",All,0.64,2071,14,120,47,309,1154,3310
"NMVB2_Meso_Scan1_Core[1,4,B]_[10156,43640]",All,0.64,30,3,16,9,683,217,3430
"NMVB2_Meso_Scan1_Core[1,4,C]_[11114,43617]",All,0.64,77,184,123,9,825,725,2958
"NMVB2_Meso_Scan1_Core[1,4,D]_[12452,43576]",All,0.64,569,217,465,31,425,390,3800
"NMVB2_Meso_Scan1_Core[1,4,E]_[13321,43574]",All,0.64,1493,22,19,64,458,1538,4373
"NMVB2_Meso_Scan1_Core[1,4,F]_[14258,43623]",All,0.64,2469,44,41,50,618,2315,5071
"NMVB2_Meso_Scan1_Core[1,4,G]_[15150,43645]",All,0.64,847,36,81,53,439,773,3403
"NMVB2_Meso_Scan1_Core[1,4,I]_[17306,43706]",All,0.64,2151,37,12,20,1217,1481,2993
"NMVB2_Meso_Scan1_Core[1,4,J]_[18212,43770]",All,0.64,678,20,30,3,294,761,1704
"NMVB2_Meso_Scan1_Core[1,4,K]_[19162,43880]",All,0.64,2419,3,17,8,358,743,3266
"NMVB2_Meso_Scan1_Core[1,4,L]_[20118,43960]",All,0.64,592,130,4153,5,217,131,7667
"NMVB2_Meso_Scan1_Core[1,5,A]_[9217,44474]",All,0.64,8614,120,33,558,1098,1709,9285
"NMVB2_Meso_Scan1_Core[1,5,B]_[10197,44497]",All,0.64,86,8,297,33,2218,178,7497
"NMVB2_Meso_Scan1_Core[1,5,C]_[11123,44452]",All,0.64,155,31,120,12,851,431,5557
"NMVB2_Meso_Scan1_Core[1,5,D]_[12469,44445]",All,0.64,219,20,31,133,250,1260,2805
"NMVB2_Meso_Scan1_Core[1,5,E]_[13383,44423]",All,0.64,30,47,75,102,253,1120,3238
"NMVB2_Meso_Scan1_Core[1,5,F]_[14249,44499]",All,0.64,123,25,47,151,261,1068,3122
"NMVB2_Meso_Scan1_Core[1,5,G]_[15117,44447]",All,0.64,134,23,151,41,367,851,4294
"NMVB2_Meso_Scan1_Core[1,5,H]_[16401,44564]",All,0.64,6821,631,8,681,167,679,8161
"NMVB2_Meso_Scan1_Core[1,5,I]_[17309,44631]",All,0.64,2,553,264,17,312,398,4309
"NMVB2_Meso_Scan1_Core[1,5,J]_[18234,44696]",All,0.64,3,112,42,28,195,156,3773
"NMVB2_Meso_Scan1_Core[1,5,K]_[19106,44813]",All,0.64,37,2,66,34,116,589,2549
"NMVB2_Meso_Scan1_Core[1,5,L]_[20042,44915]",All,0.64,58,80,237,6,70,650,2305
"NMVB2_Meso_Scan1_Core[1,6,A]_[9215,45297]",All,0.64,1365,16,108,5,803,654,1727
"NMVB2_Meso_Scan1_Core[1,6,B]_[10111,45378]",All,0.64,78,47,22,12,275,770,2618
"NMVB2_Meso_Scan1_Core[1,6,C]_[11137,45359]",All,0.64,754,3,31,2,867,873,1704
"NMVB2_Meso_Scan1_Core[1,6,D]_[12396,45293]",All,0.64,792,0,3,19,723,579,2088
"NMVB2_Meso_Scan1_Core[1,6,E]_[13300,45334]",All,0.64,1026,2,672,3,1100,737,2502
"NMVB2_Meso_Scan1_Core[1,6,F]_[14147,45280]",All,0.64,384,86,178,105,447,362,4306
"NMVB2_Meso_Scan1_Core[1,6,G]_[15099,45358]",All,0.64,80,25,55,39,192,723,3018
"NMVB2_Meso_Scan1_Core[1,6,H]_[16423,45431]",All,0.64,901,12,70,20,250,670,1624
"NMVB2_Meso_Scan1_Core[1,6,I]_[17322,45454]",All,0.64,31,31,66,22,244,365,3494
"NMVB2_Meso_Scan1_Core[1,6,J]_[18226,45547]",All,0.64,564,250,147,175,337,636,1829
"NMVB2_Meso_Scan1_Core[1,6,K]_[19099,45639]",All,0.64,216,95,72,106,597,772,2298
"NMVB2_Meso_Scan1_Core[1,6,L]_[19999,45763]",All,0.64,234,47,5,94,173,506,1404
"NMVB2_Meso_Scan1_Core[1,7,A]_[9212,46149]",All,0.64,1610,25,116,25,1023,825,2348
"NMVB2_Meso_Scan1_Core[1,7,B]_[10120,46217]",All,0.64,6772,53,6,250,2148,1087,7797
"NMVB2_Meso_Scan1_Core[1,7,C]_[11041,46276]",All,0.64,2157,31,14,220,681,1585,4369
"NMVB2_Meso_Scan1_Core[1,7,D]_[12318,46264]",All,0.64,2283,22,5,155,1051,1545,5226
"NMVB2_Meso_Scan1_Core[1,7,E]_[13217,46283]",All,0.64,2521,20,36,831,353,689,3928
"NMVB2_Meso_Scan1_Core[1,7,F]_[14146,46281]",All,0.64,1731,45,3,330,94,940,3883
"NMVB2_Meso_Scan1_Core[1,7,G]_[15061,46298]",All,0.64,1602,61,37,403,362,882,3249
"NMVB2_Meso_Scan1_Core[1,7,H]_[16342,46356]",All,0.64,1681,6,8,9,792,586,2455
"NMVB2_Meso_Scan1_Core[1,7,I]_[17273,46384]",All,0.64,1437,8,20,136,572,975,2187
"NMVB2_Meso_Scan1_Core[1,7,J]_[18235,46412]",All,0.64,2202,247,55,440,503,1351,3232
"NMVB2_Meso_Scan1_Core[1,7,K]_[19082,46511]",All,0.64,2069,422,98,156,365,1164,2888
"NMVB2_Meso_Scan1_Core[1,7,L]_[19977,46679]",All,0.64,34,122,187,0,1317,78,3058
"NMVB2_Meso_Scan1_Core[1,8,A]_[9110,47374]",All,0.36,156,50,25,0,1662,931,4424
"NMVB2_Meso_Scan1_Core[1,8,B]_[10027,47431]",All,0.36,1820,3,14,39,1840,995,5297
"NMVB2_Meso_Scan1_Core[1,8,C]_[10966,47458]",All,0.36,431,28,11,25,2334,695,4874
"NMVB2_Meso_Scan1_Core[1,8,D]_[12271,47431]",All,0.36,3679,58,347,33,723,1312,5127
"NMVB2_Meso_Scan1_Core[1,8,E]_[13155,47481]",All,0.36,3282,17,8,17,445,1231,5169
"NMVB2_Meso_Scan1_Core[1,8,F]_[14013,47505]",All,0.36,2912,6,3,222,584,1417,4716
"NMVB2_Meso_Scan1_Core[1,8,G]_[14897,47637]",All,0.36,1798,128,8,645,520,1384,3971
"NMVB2_Meso_Scan1_Core[1,8,H]_[16125,47661]",All,0.36,456,47,264,8,1389,731,5147
"NMVB2_Meso_Scan1_Core[1,8,I]_[17225,47692]",All,0.36,1634,222,370,278,953,2220,5797
"NMVB2_Meso_Scan1_Core[1,8,J]_[18123,47669]",All,0.36,1084,206,522,189,522,1612,4493
"NMVB2_Meso_Scan1_Core[1,8,K]_[19029,47770]",All,0.36,853,75,283,242,250,998,7428
"NMVB2_Meso_Scan1_Core[1,8,L]_[19888,47921]",All,0.36,953,447,270,103,261,1523,5369
"NMVB2_Meso_Scan1_Core[1,9,A]_[9055,48122]",All,0.36,358,36,11,0,1314,1056,3710
"NMVB2_Meso_Scan1_Core[1,9,B]_[9984,48265]",All,0.36,464,64,56,28,172,1867,5966
"NMVB2_Meso_Scan1_Core[1,9,C]_[10889,48265]",All,0.36,2243,8,31,3,203,1437,3340
"NMVB2_Meso_Scan1_Core[1,9,D]_[12176,48313]",All,0.36,1948,0,28,6,192,1342,3368
"NMVB2_Meso_Scan1_Core[1,9,E]_[13060,48339]",All,0.36,1620,3,36,14,308,1865,3627
"NMVB2_Meso_Scan1_Core[1,9,F]_[13941,48410]",All,0.36,1398,8,25,33,72,2412,6981
"NMVB2_Meso_Scan1_Core[1,9,G]_[14823,48434]",All,0.36,1678,72,39,47,33,1717,6397
"NMVB2_Meso_Scan1_Core[1,9,H]_[16053,48578]",All,0.36,509,72,28,0,636,953,3735
"NMVB2_Meso_Scan1_Core[1,9,I]_[17066,48533]",All,0.36,2020,47,131,72,111,1673,6075
"NMVB2_Meso_Scan1_Core[1,9,J]_[17965,48550]",All,0.36,6,131,128,103,270,1476,8420
"NMVB2_Meso_Scan1_Core[1,9,K]_[18886,48622]",All,0.36,289,200,119,8,331,2270,8729
"NMVB2_Meso_Scan1_Core[1,9,L]_[19800,48789]",All,0.36,94,136,172,22,358,3090,8970